912570394594422784,2017-09-26 06:51:51,"PolitiSFJ","Hei, Twitter! #minførstetweet"
912650972509478912,2017-09-26 12:12:02,"PolitiSFJ",Måløy og Deknepollen. RV15. UP og lokalt politi med div kontrollaktivitet. Fokus på adferd. Totalt 57 kontrollerte for rus - ingen utslag.
912651202067927042,2017-09-26 12:12:57,"PolitiSFJ",Ellers vart det skrive ut 5 gebyr for manglande bruk av bilbelte og 4 forenkla forelegg for mobilbruk.
912666079553576965,2017-09-26 13:12:04,"PolitiSFJ",Jølster. E39 mellom Vassenden og Ålhus. Ein bil utfor vegen. Ein person i bil. Er medviten. Naudetatane på veg.
912671807592910849,2017-09-26 13:34:50,"PolitiSFJ","Førar, ei kvinne i 60-åra, vart tatt med av ambulanse for sjekk. Bilen står uttafor vegen og det er fri ferdsel. Ikkje mistanke om promille."
912779224909574144,2017-09-26 20:41:40,"PolitiSFJ","Kl. 2238, Høynes, Rv15, påkøyrt hjort, viltnemnda er varsla."
912986295609290753,2017-09-27 10:24:29,"PolitiSFJ",09:31 Kaupanger. UP stogga ein bilist mistenkt for promillekøyring. Tatt med til blodprøvetaking. Sak oppretta.
913020941730553856,2017-09-27 12:42:10,"PolitiSFJ","Seltun, Lærdal. E16. UP med laserkontroll. Totalt 8 forenkla forelegg. Høgste fart 110 km/t. Eit førarkortbeslag, fart 119 km/t."
913068519272665089,2017-09-27 15:51:13,"PolitiSFJ",Flora - Redningsaksjon - ein mann har gått seg skårfast i samanheng med sauesanking ved Høydalsnipa.
913077846310113281,2017-09-27 16:28:17,"PolitiSFJ",Redningshelikopteret har henta sauesankaren og satt han av på trygg stad. Vedkomande var uskadd.
913126182492794880,2017-09-27 19:40:21,"PolitiSFJ",Kl 1754 Eid- Nordfjordeid to overstadig  rusa mindreårige køyrt til sjukehus overtatt av helse og familie.
913139187808899072,2017-09-27 20:32:02,"PolitiSFJ",Gloppen - E39 Våtedalen UP-Utferdiga 9 FF høgaste fart 104 km/t i 80 km/t sone. 2 anmeldelsar og kverrsette førarkort på 127km/t og 146km/t
913140865840947201,2017-09-27 20:38:42,"PolitiSFJ",Gloppen Våtedalen E39  UP utferdiga 1 FF for manglande lys på køyretøyet.
913145479009095680,2017-09-27 20:57:02,"PolitiSFJ","Høyanger - l Lavikdalen Fv 63 påkøyrt hjort, Viltnemnda varsla"
913323034366349312,2017-09-28 08:42:34,"PolitiSFJ","10:41 UP avsluttet promillekontroll på Hermannverk. 77 kontrollert, ingen utslag. 2 fikk gebyr for ikke å ha med seg førerkortet."
913386704945405952,2017-09-28 12:55:35,"PolitiSFJ","14:21 Gloppen Båt funnet drivende ved Devika. Øyen, ca 15 fot, Hvit/beige utvendig, orange tofter mm. Ønsker kontakt med eier, ring 02800."
913471016516689922,2017-09-28 18:30:36,"PolitiSFJ","e39 Gaular. UP laserkontroll. 1 anm 120 km/t.  21FF, høgste fart 111 km/t. 1 fk beslg pga prikkbelastning."
913482682977439744,2017-09-28 19:16:57,"PolitiSFJ",E39 Sande. Påkøyrd hjort. Satt over til viltnemda
913483013954076673,2017-09-28 19:18:16,"PolitiSFJ","E16 Lærdal/Eri, påkøyrd hjort. Viltnemda overtatt"
913511898867470337,2017-09-28 21:13:03,"PolitiSFJ",1939-FV615-Løkkebøvatnet. Bil stod på tvers i veien. Bilen hadde skader. Nødetane til stedet. Det viste seg at fører var skadet.
913512378305859585,2017-09-28 21:14:57,"PolitiSFJ",Fører ble framstilt for blodpørve og kjørt til sykehuset i Førde grunnet skade i en arm. Førerkort midlertidig beslaglagt. Kvinnelig fører.
913513135994212352,2017-09-28 21:17:58,"PolitiSFJ",Det pågår søk i Rovdefjorden/Syvdefjorden ett funn av tom hvit plastbåt kl. 2015. Politiet ønsker kontakt de som har opplysninger i saken.
913689209340297216,2017-09-29 08:57:37,"PolitiSFJ","Kl 1039 Stigedalen, Eid. Trafikkulykke MC utfor veien. En person skadet. Alle nødetatene på stedet. Trafikken dirigeres. En kjørebane åpen."
913691326616621057,2017-09-29 09:06:02,"PolitiSFJ","Kl 1022 Fresvik, Vik. Trafikkontroll, gangfelt kontroll, 2 førere ilagt forenklet forelegg for ikke stanset for gående."
913692044643700737,2017-09-29 09:08:53,"PolitiSFJ",KL 1107 Den skadde kjøres til Eid for videre transport i helikpoter.
913693027373330432,2017-09-29 09:12:47,"PolitiSFJ",Kl 1038 Brandsøy Flora. UP promillekontroll. 103 kontrollerte ingen reaksjoner.
913696214104920064,2017-09-29 09:25:27,"PolitiSFJ",Kl 1118. Bilberging på stedet. https://t.co/e0gkAqQUMA
913703133070741504,2017-09-29 09:52:57,"PolitiSFJ",Kl 1125 Veien ryddet og åpen igjen. https://t.co/IQwVzeEryy
913707315307663360,2017-09-29 10:09:34,"PolitiSFJ","Kl 1200 Storebru, laserkontroll. 3 forenkla forelegg. Høyeste 105 km/t i 80-sonen."
913723246922600448,2017-09-29 11:12:52,"PolitiSFJ",kl 1300 UP trafikkontroll Florø sentrum. 4 forenkla foreleg for bruk av mobil og 5 vernegebyr manglende bilbelte.
913831523148816386,2017-09-29 18:23:07,"PolitiSFJ",17:02 Loen 2 menn i 20 årene fikk beslaglagt førerkortene sine etter å ha tauet en bll med for kort slepetau. Sak opprettet.
913846441973600256,2017-09-29 19:22:24,"PolitiSFJ",19:06 Eid Mann i 40 årene tatt for å kjøre scooter i alkoholpåvirket tilstand. Tatt med til blodprøve. Sak opprettet.
913873817512087553,2017-09-29 21:11:11,"PolitiSFJ",22:40 Hafslo UP avsluttet fartskontroll i 70 sona på Fv 55. En fikk FF for å ha kjørt i 87 km/t.
914119672861220864,2017-09-30 13:28:08,"PolitiSFJ","1515 - Førde-Hittet hund. Det er funnet en brun hund, mulig dachs, brun i pelsen med støthalsbånd. Ta kontakt med politiet."
914262483375882240,2017-09-30 22:55:36,"PolitiSFJ",00:05 Førde Mann i 50 årene overstadig beruset i Førde sentrum. Patruljen rykket ut og sørget for å få vedkommende i hus.
914284013837258753,2017-10-01 00:21:10,"PolitiSFJ","Førde ungdomsskule. Ruteknusing, gjerningsperson sprang fra staden"
914291255718195200,2017-10-01 00:49:56,"PolitiSFJ","Aurland, UP, promillekontroll. 15 kontrollerte. 1 gebyr for å ha gløymt førerkortet, 1 anm for å ha ført motrovogn uten førerkort for"
914317754202824704,2017-10-01 02:35:14,"PolitiSFJ",Antatt gjerningsperson pågrepet av politiet etter at han hadde gøymt seg ei stund. https://t.co/GzNdiSwHVc
914318102661337088,2017-10-01 02:36:37,"PolitiSFJ","Florø, mann i 30-åra mistenkt for køyring i ruspåvirka tilstand. Tatt blodprøve av og sak vert oppretta"
914531610141347840,2017-10-01 16:45:01,"PolitiSFJ","18:15 Sogndal UP har avsluttet adferdskontroll. 1 gebyr for manglende bilbelte, 4 fikk FF for håndholdt mobil."
914555407565230082,2017-10-01 18:19:35,"PolitiSFJ","20:06 Gaular Hittet hund. Funnet mellom Perhaugen og avkjøring til Bringeland. Brun, hannhund, mellomstor og sort halsbånd. Ring 02800"
914557636758171648,2017-10-01 18:28:26,"PolitiSFJ",Hunden er gjenforent med eier.
914560124601159680,2017-10-01 18:38:20,"PolitiSFJ","20:28 Sogndal Svart og hvit hund funnet, trolig border collie. Gult halsbånd. Tatt vare på av privatpersoner. Ring 02800 om du har info."
914598567725105152,2017-10-01 21:11:05,"PolitiSFJ","22:18 Sogndal UP avsluttet  Promillekontroll. 33 kontrollert, ingen utslag. 2 gebyr for ikke å ha medbringa førerkortet."
914719016203292673,2017-10-02 05:09:42,"PolitiSFJ","Kl 0530 Øvre Årdal, området Ålmennhagen. Tre som har blåst over ende og sperra vegen. Også tatt med seg strøm el telekabler"
914815357164118018,2017-10-02 11:32:32,"PolitiSFJ",1154-Sandane. Kvinne påkjørt av personbil på parkerings ved legesenteret i Gloppen. Kvinnen ble brakt til legekontoret. Formentlig skadet.
914909514104754177,2017-10-02 17:46:41,"PolitiSFJ",Luster -Bilbrann i Fortundalen Mellom Fv 332 og Nørdstedalseter. Ingen skadd brannvesen og politi på staden. Vegen sperra.Bbilberging varsla
914909713615261696,2017-10-02 17:47:28,"PolitiSFJ",Sogndal påkøyrt hjort på FV 55 ved Årøy. Viltnemnda varsla
915185637271142400,2017-10-03 12:03:53,"PolitiSFJ",1223 Årdal. Personbil stoppet av politiet. En mann tatt med til blodprøve. I bilen fant en en mindre mengde formentlig narkotika.
915186402798817280,2017-10-03 12:06:56,"PolitiSFJ",1357. FV 243. En bli har kjørt i grøfta noverfor Stagasteinen. Bilberger er på vei. Ikke personskade. Det var snøslaps i veien.
915603398376017920,2017-10-04 15:43:55,"PolitiSFJ",Politiet i Vågsøy har gjennomført kontroll på Bryggja.  62 kontrollert 3 ff for bruk av mobil
915667225964630018,2017-10-04 19:57:33,"PolitiSFJ",UP gjennomført kontroll på Bruland. 1 ff for 68 km/t og 1 anm for å ha kjørt moped i 65 km/t.
915677381448396800,2017-10-04 20:37:54,"PolitiSFJ","Politiet i Vågsøy gjennomført adferd og dokumentkontroll i Gate 2.  32 kontrollerte, 2 ff for bruk av mobil"
915684567977271296,2017-10-04 21:06:28,"PolitiSFJ","Kl 2230 brann i kontainer i Sogndal. Stod nær butikk og inneholdt fyrverkeri, butikk evakuert.  Fyrverkeri ikke antent."
915684981594365957,2017-10-04 21:08:06,"PolitiSFJ",Politiet slukket brannen på utsiden. Butikk evakuert en kort periode til det ble avklart at fyrverkeri ikke var antent inne i kontainer.
915725887492026369,2017-10-04 23:50:39,"PolitiSFJ","Lærdal - UP -E16 Ein mann i 30 åra  anmeldt for ruskøyring, førarkort kverrsett, Passasjeren ein mann i 30 åra anmeldt for inneha hasj."
915823763635232768,2017-10-05 06:19:35,"PolitiSFJ","08:09 Florø Melding om hjortepåkjørsel på Nordsidevegen, Brandsøy. Hjorten løp fra stedet etter sammenstøtet. Viltnemdna har overtatt saken."
915840393618567168,2017-10-05 07:25:39,"PolitiSFJ","08:20 Luster UP avsluttet kontroll i 60 sone i Høyheimsvik. 2 fikk FF, høgste hastighet målt til 81 km/t."
916014012248313856,2017-10-05 18:55:33,"PolitiSFJ","Kl 1841 Gaular, Sande, E 39, Enslig kjørtetøy mistet kontroll ut fått skrens. Politi og brann på stedet. Førerkort beslaglagt."
916020382020231168,2017-10-05 19:20:52,"PolitiSFJ","Kl 2116. UP avsluttet kontroll i 80 sonen på Knapstad, Eikefjorden. 2 forenkla forelegg. Høyeste 102 km/t.  3 skriftlige pålegg for lysfeil."
916026295095619584,2017-10-05 19:44:22,"PolitiSFJ","Kl 2130 Eid, Hauane - Torvik. Påkjørt hjort. Satt over til viltnemnda."
916165200281329664,2017-10-06 04:56:19,"PolitiSFJ","Aurland - Mann i 50 åra sakna etter å ha vore på rypejakt ved Steinbergdalen. Røde Kors , Norske redningshundar har søkt etter vedkomande"
916167385261969408,2017-10-06 05:05:00,"PolitiSFJ","Kl 0157 møtte leitemannskapet mannen gåande. Han opplyste at han hadde gått seg vill. Mannen var uskadd, men noko kald. https://t.co/bxLZCNGmsl"
916200468975685632,2017-10-06 07:16:28,"PolitiSFJ","09:09 Kaupanger UP avsluttet kontroll på Rv 5. 30 ble kontrollert for rus, ingen utslag. 1 fikk gebyr for manglende bilbelte."
916243800842014720,2017-10-06 10:08:39,"PolitiSFJ",11:56 Førde Trafikkulykke på Bruland. Enslig kjøretøy som har kjørt av vegen. Nødetatene er på stedet.
916248458788573184,2017-10-06 10:27:10,"PolitiSFJ","To menn, hhv i 50 og 70 årene i bilen. Passasjer er uskadd, fører er fraktet med ambulanse til sykehuset i Førde for sjekk."
916256167176884224,2017-10-06 10:57:48,"PolitiSFJ",12:33 Sogndalsdalen UP har avsluttet fartskontroll. 1 fikk FF for å ha kjørt i 92 km/t i 80 sona.
916256452985188352,2017-10-06 10:58:56,"PolitiSFJ",I samme kontrollen ble en person anmeldt for å ha ført minibuss uten å ha gyldig førerkort for denne førerkortklassen.
916257801411981312,2017-10-06 11:04:17,"PolitiSFJ","12:47 Hornindal Laserkontroll avsluttet. 2 fikk FF, begge ble målt til 85 km/t i 60 sona."
916292892192276480,2017-10-06 13:23:44,"PolitiSFJ",15:03 Stryn En person fikk FF for å ha kjørt for nært egt forankjørende kjøretøy.
916294070565310464,2017-10-06 13:28:25,"PolitiSFJ","14:17 Fiskå Hittet hund på Hakallestranda. Ligner på Berner Sennen hund, Sort, hvit og brun. Vet du hvem som er eier, ring 02800."
916295001847533570,2017-10-06 13:32:07,"PolitiSFJ",15:01 Florø Bil avregistrert på grunn av manglende omregistrering.
916351434563772416,2017-10-06 17:16:21,"PolitiSFJ","Kl. 1755, Lærdal, politiet har hatt promillekontroll i Sjukehusvegen. 32 kontrollerte, alt ok."
916383693530451970,2017-10-06 19:24:32,"PolitiSFJ","Kl. 2055, Skilbrei E39, påkøyrt hjort, viltnemnda varsla."
916383787235164174,2017-10-06 19:24:55,"PolitiSFJ","Kl. 2121, Flekke, påkøyrt hjort, viltnemnda varsla."
916476069024321536,2017-10-07 01:31:36,"PolitiSFJ","Kl 0018 Ryggjabrua, Angedalen, Førde. Bil utfor veien. Bilen står der ennå ufor veien. Bileier vil hente morgen. Ikke mistanke straffbart."
916477312178278400,2017-10-07 01:36:33,"PolitiSFJ","Kl 0202 Kandalen, Gloppen. Front mot front to personbiler. 4 personer innvolvert. Alle nødetater rykket ut. 4 involverte. Mistanke promille."
916478387165605888,2017-10-07 01:40:49,"PolitiSFJ",Alle fire kjørt til sykehus. Fører av ene bilen mann under 20 år fått sitt førerkort midlertidig beslaglagt. Politiet på stedet ennå. https://t.co/qoesx6IM24
916478724937342976,2017-10-07 01:42:10,"PolitiSFJ","Kl 0027 Stryn. Up hatt trafikkontroll, 85 kontrollerte for rus. Ingen utslag."
916500167049826304,2017-10-07 03:07:22,"PolitiSFJ",Kl 0406 Bilberging på stedet. Politiet avslutter. https://t.co/owjNsQPLyQ
916606273084325889,2017-10-07 10:08:59,"PolitiSFJ","Politiet i Stryn har hatt promillekontroll. 284 kontrollerte. Ein med lavpromille, fekk dra vidare med kona som fører. Promilla var synkende"
916654016448172032,2017-10-07 13:18:42,"PolitiSFJ","Politiet har hatt fartskontroll i 60-sone i Olden. 1 FF 82 km/t, og eitt førarkort kverrset på 84 km/t + 6 prikkar."
916729048503644160,2017-10-07 18:16:51,"PolitiSFJ","Kl. 1953, Lavik, påkøyrt hjort, viltnemnda varsla."
916729266213130240,2017-10-07 18:17:43,"PolitiSFJ","Kl. 2007, Langesethøgda, rv15, Stryn, påkøyrt hjort, viltnemnda varsla."
916732742213296129,2017-10-07 18:31:32,"PolitiSFJ","Kl. 2028, Førde, tatt hand om ein hund i Førde sentrum, snill , svart og kvit, har halsband. Eigar kan ringe 02800."
916858580258746368,2017-10-08 02:51:34,"PolitiSFJ","Kl 0213, Florø. Gutt, beruset, under 18 år hentet av far etter å ha oppgitt falsk personalia og sparket politiet."
916860711506186240,2017-10-08 03:00:02,"PolitiSFJ","I løpet av natten har det vært en rekke søk etter skadet hjort. Det søkes/har vært søkt etter skadd hjort med lys i  Stryn, Lavik, ..."
916862842288078849,2017-10-08 03:08:30,"PolitiSFJ","...Bygstad, Jølster, Førde, Byrkjelo, Hornindal. https://t.co/rSK558Xqax"
916865541796659201,2017-10-08 03:19:14,"PolitiSFJ",Kl 0348 Støy fra fest plaget naboer i Førde sentrum. Politiet på stedet skapte ro og det forble rolig.
916983100902699009,2017-10-08 11:06:22,"PolitiSFJ","Politiet har hatt fartskontroll i 60-sone i Førde. 6 FF, høgste 79 km/t. Eitt førarkort kverrset for 90 km/t"
916984622474555393,2017-10-08 11:12:25,"PolitiSFJ",Politiet har hatt promillekontroll i Stryn. 163 kontrollerte. 1 førar med lavpromille vart køyrd heim.
916992102415978496,2017-10-08 11:42:08,"PolitiSFJ","UP har hatt trafikkontroll på Eid. 103 kontrollerte, ingen reaksjoner."
917020805615243265,2017-10-08 13:36:12,"PolitiSFJ",Naudetatane på veg til Holsbru i Årdal der ein bil har gått rundt på taket på det som seies å vere veldig glatt vegbane.
917020898640703488,2017-10-08 13:36:34,"PolitiSFJ",Det er so langt ikkje meld om personskade.
917021862571532288,2017-10-08 13:40:24,"PolitiSFJ",Noko trafikale problem på staden. Mogleg ikkje passering for større køyrety
917023489563021312,2017-10-08 13:46:52,"PolitiSFJ",Kommet ein buss til staden som mogleg også sperrar for mindre køyrety. Har ikkje god oversikt foreløpig.
917023776868585472,2017-10-08 13:48:00,"PolitiSFJ",To personar i bilen. Vegtrafikksentralen varsla. Sender entreprenær for å strø vegbana.
917308737764851712,2017-10-09 08:40:20,"PolitiSFJ","10:03 Krokane, Florø. Trafikkuhell mellom personbil og lastebil i rundkøyringa. Ikkje meldt om personskade. Politi og Brann på staden."
917308921760624640,2017-10-09 08:41:04,"PolitiSFJ",Ingen personskade. Ingen mistanke om promille. Bilbergar rekvirert då det var større skader på personbil. BRN / VTS ryddar vegbana.
917316220931756032,2017-10-09 09:10:04,"PolitiSFJ",Kaupanger. UP med promillekontroll på RV5. Totalt 45 kontrollerte og ingen utslag. To gebyr for manglande førarkort.
917331042192764928,2017-10-09 10:08:58,"PolitiSFJ","Stedje, Sogndal. UP med adferdskontroll. Resultat: to forenkla forelegg for mobilbruk og eit gebyr for manglande bilbelte."
917480467691200512,2017-10-09 20:02:44,"PolitiSFJ","E39 Lavik, påkøyrd hjort. Overtatt av viltnemda"
917480640999718918,2017-10-09 20:03:25,"PolitiSFJ",E39 Sande. Påkøyrd hjort. Overtatt av viltnemda
917494176635289600,2017-10-09 20:57:12,"PolitiSFJ",Fv 614 Ålfoten/Myklebustdalen. Påkjørt hjort. Satt over tilviltnemd
917513195471990784,2017-10-09 22:12:47,"PolitiSFJ","23:33 Fjærland. Sammenstøt mellom bil og hjort. Hjorten var i live etter sammenstøtet, Viltnmenda har overtatt saken."
917621182333112321,2017-10-10 05:21:53,"PolitiSFJ","07:07 Vågsøy Bil tatt fyr i Almenningtunnelen. Bilen er ute av tunellen nå, og ingen personer er skadd. Nødetatene er på veg til stedet."
917623385076764672,2017-10-10 05:30:38,"PolitiSFJ",Vegen er stengt på stedet.
917687999978188800,2017-10-10 09:47:23,"PolitiSFJ","Erisletta, Lærdal. UP med promillekontroll. Totalt 68 kontrollerte. Ingen reaksjoner."
917733987271041024,2017-10-10 12:50:07,"PolitiSFJ",Aurland sentrum. UP med laserkontroll. Ingen reaksjoner.
917734380306563072,2017-10-10 12:51:41,"PolitiSFJ",Flåm. E16. UP med laserkontroll i 80-sona. Resultat: 3 forenkla forelegg. Høgste fart 98 km/t.
917831530575261696,2017-10-10 19:17:44,"PolitiSFJ","Fv60 Olden. UP fartskontroll i 60-sone. 4FF, høgste fart 75 km/t  1 anm/beslag, 96 km/t. 1 gebyr, ikkje brukt hjelm."
918095199594786816,2017-10-11 12:45:27,"PolitiSFJ","Svidalsneset, Jølster. UP med laserkontroll i 80-sona på E39. Resultat: 2 forenkla forelegg og 1 beslag - 118 km/t. Pluss 3 FF mobilbruk."
918141438944088064,2017-10-11 15:49:11,"PolitiSFJ",Kl 1630 Lavik  Politiet staset bil m tre personer. Kvinne i 40-åra mistenkt for kjøring i påvirket tilstand. Beslag mindre mengder narkotika
918142801065410561,2017-10-11 15:54:36,"PolitiSFJ",Kvinnen har  heller ikke førerkort. Fremstilles for blodprøve. https://t.co/zqheEJdCYB
918143161473650688,2017-10-11 15:56:02,"PolitiSFJ","Bileier, mann i 30-åra,  har overlatt kjøretøyet til en som ikke fyller vilkår for å bruke bilen og anmeldes for dette. https://t.co/NJga06hvK3"
918148292835495936,2017-10-11 16:16:26,"PolitiSFJ","Kl 1805 Skredestranda, Eid, UP avslutter laser i 80 sonen. 10 FF. Høgste fart 98 km/t."
918198926326591490,2017-10-11 19:37:38,"PolitiSFJ",Kl 2134 Sogndal. UP avslutter kontroll. 62 kontrollerte. 1 gebyr manglende bilbelte. 5 gebyr manglende førerkort.
918308787907432448,2017-10-12 02:54:11,"PolitiSFJ",Rv5 Kaupanger v/Amla. Påkøyrd hjort. Satt over til viltnemda.
918430344730300416,2017-10-12 10:57:12,"PolitiSFJ","11:57 Vik Trafikkontroll avsluttet. 18 kontrollert. 1 fikk gebyr for manglende bilbelte, 1 fikk gebyr for ikke å ha medbragt førerkortet."
918480039867572225,2017-10-12 14:14:40,"PolitiSFJ",14:41 Kaupanger Hjort sprang inn i to biler på Rv 5 ved Valeberg. Viltnemnda er varslet og har overtatt saken.
918515031968493568,2017-10-12 16:33:43,"PolitiSFJ",13:37 Byrkjelo Mann i sluttet av 20 årene mistet førerkortet etter å ha kjørt i 86 km/t i 50 sonen.
918539614310359041,2017-10-12 18:11:24,"PolitiSFJ","14:44 Byrkjelo UP avsluttet kontroll fartskontroll. 15 fikk FF, høste fart var 86 km/t i 60 sona. En person fikk beslaglagt førerkortet."
918580120234921984,2017-10-12 20:52:21,"PolitiSFJ","Hittet hund. Dyrepensjonatet på Myrmel har fått inn en hund fra Bygstad. Lapphund type, brun og lysebrun. Hannhund"
918580439807397888,2017-10-12 20:53:37,"PolitiSFJ","Øvre Årdal, trafikkontroll. 88 kontrollerte. 6 gebyr for ikkje å ha hatt med førerkort under køyring"
918617985681682433,2017-10-12 23:22:49,"PolitiSFJ",RV 15 Alsaker. Påkøyrd hjort. Satt over til viltnemda
918619578997071872,2017-10-12 23:29:09,"PolitiSFJ",FV 651 Stigedalen/Alfloten. Melding om at nokon kaster slakteavfallet sitt (beingrinder) i bosspann tiltenkt rasteplassane langs denne vegen
918620227461681153,2017-10-12 23:31:44,"PolitiSFJ",Tredje gong i haust. Dette er IKKJE rette plassen å kvitte seg med slikt avfall. Her må jegerane ta ansvar og finne andre løysningar https://t.co/VJSJyluLda
918635286707490816,2017-10-13 00:31:34,"PolitiSFJ",Kaupanger/Vesterland. Hittet  hund. Malamut type.
918701667599630338,2017-10-13 04:55:20,"PolitiSFJ","Rv 5 Kaupanger, påkøyrd hjort. Satt over til viltnemda"
918757879267647488,2017-10-13 08:38:42,"PolitiSFJ","Kl. 0803, Helgheim E39, UP har hatt promillekontroll, 30 kontrollerte alt ok, 1 anm for køyring uten gyldig førarrett for kl. C."
918758879068131328,2017-10-13 08:42:41,"PolitiSFJ","Kl. 0933, Årdalstangen, arbeidsulukke på ein båt som ligg til kai, Den skadde er på veg til Førde sentralsjukehus med brannskader."
918809228625809408,2017-10-13 12:02:45,"PolitiSFJ","Kl. 0914, Vassenden, innbrot i bolig, politi har vore på staden og gjort undersøkingar, sak vert oppretta."
918809768587923456,2017-10-13 12:04:54,"PolitiSFJ","Kl. 1155, Florø, innbrot i bedrift, borttatt alkoholhaldige varer, politi på staden for å gjere undersøkingar."
918814116692799488,2017-10-13 12:22:10,"PolitiSFJ",Politi ønsker tips om trafikk/personar rundt Tiffanys Cafe og Bowling i tidsrommet frå kl. 2230 til kl. 0800.
918815046863671297,2017-10-13 12:25:52,"PolitiSFJ",Politiet ønsker tips angåande bilar eller personar i området Årsetvegen på Vassenden i tidsrommet frå igår kveld kl. 2100 til kl 0700 idag.
918819699806429184,2017-10-13 12:44:21,"PolitiSFJ",Den skadde er ein mann av russisk nasjonalitet i 40 åra.
918831924466126848,2017-10-13 13:32:56,"PolitiSFJ","Kl. 1531, Rygg, Gloppen, påkøyrt sau ved Sandsneset fv. 615,, umerka sau, politi ønsker kontakt med eigar av sauen. Sauen er død."
918915652227948544,2017-10-13 19:05:38,"PolitiSFJ",Stryn - RV 15 Oppstryn.  1 FF køyrt i 98 km/t i 80 km/t sone
918919860805128192,2017-10-13 19:22:22,"PolitiSFJ",Eid - Nordfjordeid - ein bil  stansa og førar i 20 åra vart tatt med til blodprøve etter mistanke om ruskøyring. Førarkort kverrsett.
918939250187538438,2017-10-13 20:39:24,"PolitiSFJ",Lærdal - påkøyrt hjort E16 ved Tuftetunnelen - Viltnemnda varsla
918939580119900160,2017-10-13 20:40:43,"PolitiSFJ",Førde - E39 Langeland 1 FF køyrt i 113 km/t i 80 km/t sone
918976583708430337,2017-10-13 23:07:45,"PolitiSFJ","Langhaugane, Gloppen. Politiet med promillekontroll. Totalt 52 kontrollerte. Ingen reaksjoner."
918976774381490176,2017-10-13 23:08:31,"PolitiSFJ","Havhesten, Florø. Politiet  med trafikkontroll. Totalt 11 kontrollerte. Ingen reaksjoner."
918995208976633856,2017-10-14 00:21:46,"PolitiSFJ",00:00 Sogndal sentrum. Vakter på ein utestad ønskte bistand av politiet etter mistanke om bruk av falsk ID. Sak oppretta.
919006388956876800,2017-10-14 01:06:12,"PolitiSFJ",01:28 Førde. Melding om ein overstadig berusa person utanfor ein utestad. Vedk kvikna til når politiet ankom staden. Køyrd heim av venner.
919006876083347456,2017-10-14 01:08:08,"PolitiSFJ",01:13 Sogndal. Melding om ein amper og berusa person som nekta å forlate ein utestad. Politiet til staden. Vedk ilagt pålegg.
919072371251785728,2017-10-14 05:28:23,"PolitiSFJ",03:40 Førde. Ein Husky med svart halsbånd observert laus i området rundt Førdehuset. Ville ikkje la seg fange.
919381241262198785,2017-10-15 01:55:43,"PolitiSFJ","Langedal, Eikefjord. Meldt om ein død gråspraglete katt i vegkanten. Formentlig påkøyrd."
919382373019652098,2017-10-15 02:00:13,"PolitiSFJ",02:53 Kaupanger. Påkøyrd hjort. Viltnemnd varsla.
919383112131411968,2017-10-15 02:03:09,"PolitiSFJ",00:00 Florø. Beruset ungdom tatt hånd om av politiet. Køyrd heim til foresatte.
919386825084588033,2017-10-15 02:17:55,"PolitiSFJ",00:00 Sogndal. Klage på støy frå berusa ungdommar i sentrum. Hadde roa seg når politiet ankom staden. Politiet snakka med partane.
919387935773949954,2017-10-15 02:22:19,"PolitiSFJ",00:40 Florø. Politiet rykka ut til ei adresse i sentrum etter melding om fest-støy og krangel med nabo. Ilagt pålegg om å avslutte festen.
919388692183166977,2017-10-15 02:25:20,"PolitiSFJ","01:00 Florø. Klage på støy frå ""råning"" i sentrum. Politiet vil følge opp saka."
919393619852890113,2017-10-15 02:44:55,"PolitiSFJ","02:00 Førde, E39. Melding om ein gjeng berusa ungdommer i vegbana som hindrer ferdselen. Politiet til staden. Personalia notert."
919394121961410561,2017-10-15 02:46:54,"PolitiSFJ","00:47 Angedalsvegen, Førde. UP med promillekontroll. Totalt 24 kontrollert. Ingen reaksjoner."
919394406599479296,2017-10-15 02:48:02,"PolitiSFJ","Visnesvegen, Stryn. Politiet med promillekontroll. Ingen reaksjoner."
919394561172148224,2017-10-15 02:48:39,"PolitiSFJ",Høyanger. UP med kontroll i sentrum. Totalt 18 kontrollerte. Ingen reaksjoner.
919395654128021505,2017-10-15 02:53:00,"PolitiSFJ",01:20 Måløy. Politiet kom over eit slagsmål ved ein bensinstasjon i sentrum. Fleire involverte. Partane vart skilde og tatt personalia på.
919395787964022784,2017-10-15 02:53:32,"PolitiSFJ",Saka vil bli følgd opp.
919398998808649728,2017-10-15 03:06:17,"PolitiSFJ",02:40. Sogndal. Melding om høglytt krangel mellom ein gut og ei jente utanfor ein serveringsstad. Litt ampert. Politiet ordna god stemning.
919399424304013312,2017-10-15 03:07:59,"PolitiSFJ",01:45 Årdal. Melding om amper stemning utanfor ein serveringsstad i sentrum. Situasjonen hadde løyst seg då politiet ankom staden.
919402058821898240,2017-10-15 03:18:27,"PolitiSFJ",02:40 Førde. Melding om slagsmål inne på ein utestad. Politiet til staden. Fekk roa gemyttane og innhenta personalia. Blir følgt opp.
919404014340657152,2017-10-15 03:26:13,"PolitiSFJ",00:10. Lærdal. Mld om skremmande adferd på ein campingplass. Politiet rykka ut til det som synte seg å være berusa norsk ungdom og tylfære.
919404728135700480,2017-10-15 03:29:03,"PolitiSFJ",Politiet noterte personalia og bortviste samtlige frå området.
919507464294469632,2017-10-15 10:17:17,"PolitiSFJ",Promillekontroll i Måløy ved Seteneset alt ok
919508207495729152,2017-10-15 10:20:14,"PolitiSFJ",Bjørgo i Aurland har man funnet en herreløs hund.  Den er svart med grå spetter - ukjent type men litt større en en puddel.
919522295156232192,2017-10-15 11:16:13,"PolitiSFJ",Ny hittet hund  ved Videsæter langs RV 15 ( en liten valp (siba) svart med brune flekker - ikke halsband
919661815084257280,2017-10-15 20:30:37,"PolitiSFJ",Vågsøy - Måløy sentrum - vindaug blåst ut av industribygg i gate 1.
919677565580832768,2017-10-15 21:33:13,"PolitiSFJ",Flora -  RV 5 Klavelandet rasteplass - brann i bosspann. Brannvesen og politi på veg.
919845873886081024,2017-10-16 08:42:00,"PolitiSFJ","Kl 0924 Haugen, RV 15, Eid. UP avslutter promillekontroll. 140 kontrollerte. Ingen utslag."
919912745918705665,2017-10-16 13:07:44,"PolitiSFJ","UP har gjennomført kontroll på Eid, 4 gebyr for manglende bilbelte samt 3 FF for handholdt mobil"
919912955738812416,2017-10-16 13:08:34,"PolitiSFJ",Vik i Sogn trafikkontroll 21 kontrollerte 1 gebyr for manglende førerkort
920041119794319364,2017-10-16 21:37:51,"PolitiSFJ",22:01 Jølster En person fikk FF for å ha kjørt i 100 km/t i 70 sona på Eikås.
920332887517532160,2017-10-17 16:57:13,"PolitiSFJ",18:54 Luster Fv 55 vedMarheimsgilet vil være stengt minst en time fremover grunnet en semitrailer som har mistet lastet. Ingen er skadet.
920333576452870145,2017-10-17 16:59:58,"PolitiSFJ","Bilberger, entreprenør, politi mm er på stedet nå."
920367148144451584,2017-10-17 19:13:22,"PolitiSFJ",20.36 Førde UP stanset mann i slutten av 30 årene som kjørte bil uten å ha førerkort. Vedkommende er avhørt og sak er opprettet.
920379864779194368,2017-10-17 20:03:54,"PolitiSFJ","21:55 Florø Hjortepåkjørsel på Rv 5, Mekevika. Hjorten stakk fra stedet. Viltnemnda har overtatt saken."
920591122279346176,2017-10-18 10:03:21,"PolitiSFJ",UP gjennomførte promillekontroll i Florø i morges 74 kontrollerte ingen utslag
920591849819197442,2017-10-18 10:06:15,"PolitiSFJ",UP  i Sogn har gjennomført adferdskontroll i Sogndal: med resultat 3 FF for mobil og 3 bilbeltegebyr
920592171773898752,2017-10-18 10:07:32,"PolitiSFJ",Politiet i Førde har hatt adferdskontroll i Førde 40 kontrollerte ingen reaksjoner.
920633145778720768,2017-10-18 12:50:21,"PolitiSFJ",UP har gjennomført adferdskontroll i Førde: 4 FF for handholdt mobil samt 1 gebyr for manglene bruk av bilbelte
920666264451928066,2017-10-18 15:01:57,"PolitiSFJ","16:37 Førde Hund mistet på Blåfjellet. Mellomstor hund, mulig kongepuddel, sort halsbånd med kjetting. Ved observasjoner, ring 02800."
920686334737600512,2017-10-18 16:21:42,"PolitiSFJ","15:16 Gloppen Trafikkontroll ble avsluttet. 10 ble kontrollert, ingen fikk FF eller anmeldelse. Men 4 fikk gebyr for feilparkering"
920733450834980866,2017-10-18 19:28:55,"PolitiSFJ",Hunden er nå kommet tilrette.
920887767223160832,2017-10-19 05:42:07,"PolitiSFJ",I løpet av natten har det blitt stjålet en lift av merket OMME 1250 EB fra bedrift på Vadheim.
920957453692436480,2017-10-19 10:19:02,"PolitiSFJ","Politiet ønsker tips hvis noen observerer en grønn Mitsubishi Pajero, reg nr. RH 90100 i Sunnfjord området.  Ved observasjon ring 02800."
921049377132728322,2017-10-19 16:24:18,"PolitiSFJ","Sogndalsdalen, Svart elghund vrei seg ut av selen og stakk av. Er på laus i Sogndalsdalen, sikkert jagande på hjort. Observasjon, ring 02800"
921088874931277824,2017-10-19 19:01:15,"PolitiSFJ","E16 Lærdal, påkøyrd hjort. Overtatt av viltnemda"
921207303759716353,2017-10-20 02:51:51,"PolitiSFJ","Kl 0435. Vassenden, Jølster. Politiet pågrepet to personer i bil med en del gjenstander som kan være tyvegods. Uvisst hvor det stammer fra."
921207533083222016,2017-10-20 02:52:45,"PolitiSFJ",Bilen hadde kjørt på felgen. https://t.co/qte05jWNmo
921210592937107456,2017-10-20 03:04:55,"PolitiSFJ","To personer pågrepet, dame i 40-åra og mann i 30-åra. Begge fremstår ruset. https://t.co/oY89aEb3MA"
921325344707235840,2017-10-20 10:40:54,"PolitiSFJ",Naustdal RV 5 UP kontrollert 116 opp mot rus ingen utslag
921357642441904129,2017-10-20 12:49:14,"PolitiSFJ",Førde -   V/ Movatnet - E39 UP fartskontroll 5 FF høgaste fart 76 km/t
921358288868036608,2017-10-20 12:51:48,"PolitiSFJ","Gaular - Myrmel E39  Trafikkuhell  to bilar  køyrt av vegen, ein person køyrt til legevakta for kontroll"
921360585295622144,2017-10-20 13:00:56,"PolitiSFJ",Det var ein lastebil og ein personbil som har køyrt ut på jordet. 3 personar involvert. Forholdet blir følgt opp
921361183516561409,2017-10-20 13:03:18,"PolitiSFJ",Bilberging varsla
921362535198183429,2017-10-20 13:08:41,"PolitiSFJ","Trafikkdirigering på staden. Tunnelen er åpen for mindre køyretøy, men ikkje for større."
921366296578678784,2017-10-20 13:23:37,"PolitiSFJ","Luster - Gaupne FV55, 26 kontrollert , ingen utslag, 1 gebyr ikkje medbragt førarkort, 2 gebyr, bilbelte."
921366492083572736,2017-10-20 13:24:24,"PolitiSFJ","Vik- Trafikkuhell Storehaugtunnelen RV 13 . Ein Taiiler står fast ved porten inne i Tunnelen, Politiet er på staden ingen personskade."
921366721977516032,2017-10-20 13:25:19,"PolitiSFJ",Manull dirigering til kl 1700 då blir vegen stengt til bilberging er ferdig
921367514348773376,2017-10-20 13:28:28,"PolitiSFJ","Førde  trafikkuhell E39 krysset mot Askvoll. To bilar involvert ingen personskade,. Manuel trafikkdirigering på staden."
921368124389249024,2017-10-20 13:30:53,"PolitiSFJ",Stryn - overstadig rusa person henta av politiet ved busstasjonen.
921376339965435905,2017-10-20 14:03:32,"PolitiSFJ",Bilberging fjerna bilane. Vegen åpen for fri ferdsel.
921385692953022469,2017-10-20 14:40:42,"PolitiSFJ","Rv5 Sogndalsdalen, UP, trafikkontroll. 7FF, høgste fart 101 km/t i 80-sone"
921396710521307136,2017-10-20 15:24:29,"PolitiSFJ","ØVELSE ØVELSE Sogndal, studentheimen i Dalavegen, BRANNØVING"
921522915144884224,2017-10-20 23:45:58,"PolitiSFJ",00:18 Førde Klage på mopedkjøring i Slåttebakkane som bråket mye og forstyrret natteroen. Da patruljen ankom var de vekke fra stedet.
921523694215794688,2017-10-20 23:49:04,"PolitiSFJ",01:11 Olden En mann i 20 årene var kranglete på et utested. Vedkommende forlot uteplassen før patruljen kom til stedet.
921524220756221956,2017-10-20 23:51:09,"PolitiSFJ",01:17 Sogndal Melding om at en ung mann skapte ordensproblem på en uteplass. Vedkommende var stukket fra stedet da politiet kom fram.
921525107138457600,2017-10-20 23:54:41,"PolitiSFJ","00:06 Florø Skiltene ble klippet på en bil i sentrum. Solgt men ikke omregistrert, i tillegg manglet den forsikring."
921534185155842048,2017-10-21 00:30:45,"PolitiSFJ",00:46 Sogndal Bil fikk mangellapp på grunn av feil på lysene mm.
921542365554323457,2017-10-21 01:03:16,"PolitiSFJ",02:17 Sogndal Ung beruset jente rotet seg bort i Sogndal og banket på i feil hus. Politiet hjalp jenta til å finne personene hun leita etter
921544040813858817,2017-10-21 01:09:55,"PolitiSFJ",01:50 Sogndal En person prøvde å komme seg inn på et utested ved hjelp av falsk legitimasjon.
921686552555806720,2017-10-21 10:36:12,"PolitiSFJ",Det er funnet en Bordercolli i Fjaler. Eier kan kontakte politiet på tlf. 02800
921712713243512832,2017-10-21 12:20:10,"PolitiSFJ","Fartskontroll-Flåm:1 anm/beslag for å ha kjørt i 121 km/t i 80 sone, 1 anm for ikke å vedta ff for fart og 5 ff for fart. Høgste fart 102."
921865540813107201,2017-10-21 22:27:27,"PolitiSFJ","00:19 Florø Melding om at to unge gutter ""knuffet"" i sentrum. Da patruljen kom frem var de forsvunnet fra stedet."
921868933103157248,2017-10-21 22:40:55,"PolitiSFJ",22:41 Naustdal Mann i 30 årene tatt for promillekjøring. Vedkommende kjørte uten gyldig førerkort også. Tatt med til blodpørve. Sak oppretta
921898574857650176,2017-10-22 00:38:42,"PolitiSFJ",02:35 Florø Mann i  slutten av 30 årene anmeldt for urinering i Strandgata. Sak opprettet.
921900361404829696,2017-10-22 00:45:48,"PolitiSFJ","Vedkommende var beruset, fikk pålegg omå holde seg vekke fra Florø sentrum til isøndag morgen."
921913055025524737,2017-10-22 01:36:15,"PolitiSFJ",02:48 Florø Mann i 20 årene anmeldt for forulemping av offentlig tjenestemann. Sak er opprettet.
921913183912251393,2017-10-22 01:36:46,"PolitiSFJ",Samme personen fikk pålegg om å holde seg vekke fra sentrum til neste dag. Dette pålegget brøt han.
921913494101950464,2017-10-22 01:37:59,"PolitiSFJ",Blir også anmeldt for å ha brutt politiet sine pålegg.
922108935632506880,2017-10-22 14:34:36,"PolitiSFJ",Vik - ein mann har gått seg skårfast ved Grovvotn på Vikafjellet.  Redningshelikopter er på veg og Vik røde kors er varsla.
922109494938800128,2017-10-22 14:36:50,"PolitiSFJ",Flora- Melding om skadeverk og tjvueri frå ei utleige  hytte i løpet av natta.
922151624289738753,2017-10-22 17:24:14,"PolitiSFJ",E39 Sande. Påkøyrd hjort. Overtatt av Viltnemda
922152056038809600,2017-10-22 17:25:57,"PolitiSFJ","Vedkomande er no henta ned fra fjellet. Alpin redningruppe fira seg ned, heisa deretter vedkomande opp på ""flatt""underlag https://t.co/biSIkfimP0"
922193552494473216,2017-10-22 20:10:51,"PolitiSFJ","Selje. Påkøyrd oter, tatt hand om av viltnemda"
922455744439635969,2017-10-23 13:32:42,"PolitiSFJ",RV 5-Brandsøy: 98 kontrollert for rus. Ingen utslag. 2 skriftlige for lysfeil
922457016014172160,2017-10-23 13:37:45,"PolitiSFJ",RV5- Storebru-80km/t sone. 9 ff for fart. Høgste hastighet 110 km/t
922516691254263808,2017-10-23 17:34:53,"PolitiSFJ","Loen, Stryn. Arbeidsuhell i ifb arbeid på ei høgspentlinje. Klemskader i ein finger. Vedk sendt til legevakt for behandling. Sak følges opp."
922578362077532162,2017-10-23 21:39:56,"PolitiSFJ","Loen, Stryn. Løshund funnet ved Hotell ALexandra. Liten, kvit/grå/brun, terrier-liknende hund. Vennlig og roleg. Grønt og oransje halsbånd."
922764535316041728,2017-10-24 09:59:44,"PolitiSFJ","Kl.1130, Vik, arbeidsulukke, mann falt ned frå lastebil i Vik, bevisstlaus mann, frakta med luftambulanse mot Førde sentralsjukehus."
922767481281884161,2017-10-24 10:11:26,"PolitiSFJ",Fallulukka har skjedd i samband med lasting/lossing av varer.
922843993104355328,2017-10-24 15:15:28,"PolitiSFJ",16:58 Melding om mulig røykutvikling frå Gudvangatunnelen. VTS har stengd tunnelen. Naudetatar er på veg. Siste melding mistenker vanndamp.
922844305009541120,2017-10-24 15:16:42,"PolitiSFJ",BRN på staden. Køyrer gjennom tunnelen for å avklare situasjonen.
922847639712030722,2017-10-24 15:29:57,"PolitiSFJ",Situasjonen er avklart av BRN. Ingen røyk. Ingen brann. Muligens snakk om vanndamp - eit klimatisk forhold.
923151159006810112,2017-10-25 11:36:02,"PolitiSFJ","E39-Førde: 5 ff for mobilbruk. 1 anm for mistanke ruspåvirket kjøring, kjøring uten førerkort samt å ha unnlatt å stoppe for kontroll."
923432699502780416,2017-10-26 06:14:46,"PolitiSFJ","Oppstryn/Hjelledalen, påkøyrd hjort. Satt over til viltnemda"
923546503553146880,2017-10-26 13:46:59,"PolitiSFJ","15:45 Sogndal UP avsluttet kontroll på Rv 5, Loftesnes. 5 fikk FF for håndholdt telefon, 7 fikk gebyr for manglende bilbelte."
923648387399987200,2017-10-26 20:31:50,"PolitiSFJ","22:07 Skjelingen, Vikafjellet. Bil utfor vegen. Rulla rundt. Førar sjølv er meldar. Medviten. Aleine i bil. Naudetatar på veg."
923754586262908928,2017-10-27 03:33:50,"PolitiSFJ","Gudvangen, Aurland. Politiet rykka ut etter melding om ordensuroing på privat stad. Ein person pågrepet. Sak oppretta."
923769802354823168,2017-10-27 04:34:18,"PolitiSFJ","26.10.17 23:00 Jølster. UP med promillekontroll på RV5. Totalt 43 kontrollerte, ingen utslag. Utstedt 4 mangellapper."
923866179231469568,2017-10-27 10:57:16,"PolitiSFJ","E16 Tønjum, UP, trafikkontroll. 5FF, høgste fart 86 km/t. 1FF håndholdt mobil"
923867302147362816,2017-10-27 11:01:44,"PolitiSFJ","Aurland, UP stansa ein bil pga at det stakk føte fra ein person ut bakdøra på bilen. Fører ilagt FF for dette. 2x beltegebyr i tillegg"
923883461500383232,2017-10-27 12:05:56,"PolitiSFJ","Rv 15 Totland. UP, trafikkontroll. 1 anm/beslag, 116 km/t i 80 sone. 5FF, høgste fart var her 99 k m/t"
923923545092173824,2017-10-27 14:45:13,"PolitiSFJ",Førde RV 5 Trafikkuhell i Kletten tunnelen. 2 bilar involvert. Brannen i ein bil sløkt av forbipasserande. Nødetatane på staden
923937525898629120,2017-10-27 15:40:46,"PolitiSFJ","Tunnelen var stengt ein periode under bilberging. Det var manuell dirigering, Vegen er nå åpen for fri ferdsel."
923937832087048193,2017-10-27 15:41:59,"PolitiSFJ",To personar vart tatt hand om av helsepersonell send til legevakta for kontroll.
923938741403766784,2017-10-27 15:45:36,"PolitiSFJ",Vanylven - FV61 ved Åheim Trafikkuhell - eit einsleg køyretøy innblanda. Ei kvinne køyrt til legevakta nødetatane på staden.
923939529005977600,2017-10-27 15:48:44,"PolitiSFJ",Vegen er åpen på staden.
923975387834671105,2017-10-27 18:11:13,"PolitiSFJ",Førde - Melding om  stein ras ved Ulltang FV 609 . Vegen sperra. Ingen tegn til at nokon er tatt av raset. Vegen vert ikkje åpna kveld/natt
924055501968732160,2017-10-27 23:29:34,"PolitiSFJ","Kl. 2226, Nordfjordeid, ordensuroing privat stad, politiet har avslutta ein fest, og køyrt ei jente i slutten av tenåra heim."
924075629972160512,2017-10-28 00:49:33,"PolitiSFJ","Kl. 0030, Gaupne, ordensuroing offentleg stad, ein berusa gut i slutten av tenåra er køyrt heim."
924111900517924865,2017-10-28 03:13:40,"PolitiSFJ","Kl. 0256, Stryn sentrum, vatn i sentrum på rv 15, kommuna og vegentreprenør på plass og jobbar med å fjerne overskytande vatn."
924155201543720960,2017-10-28 06:05:44,"PolitiSFJ","Ein bil køyrd av vegen og inn i ein lyktestolpe ved Eldrevatntet, på Hemsedalfjellet. Ein person i bil er no på veg for å få ein legesjekk."
924181602632130560,2017-10-28 07:50:39,"PolitiSFJ","Eitt omlag 30 meter långt gjerde på eitt anleggsområde i Florø, er i løpet av natta blåst ned. Ansvarleg for anlegget rydder opp."
924186445417459712,2017-10-28 08:09:53,"PolitiSFJ",Ein liten grå og brun langpelsa hund er funne og tatt hand om på Eid. Eigar bes ta kontakt med politiet på 02800.
924197899994624000,2017-10-28 08:55:24,"PolitiSFJ",Onsdag 8. november vil pass- og utlendingsekspedisjonar i Vest politidistrikt halde stengt grunna oppdatering av datasystem.
924220849250619392,2017-10-28 10:26:36,"PolitiSFJ","UP har hatt promillekontroll i Gloppen. 104 kontrollerte, ingen utslag."
924411269779771392,2017-10-28 23:03:16,"PolitiSFJ","Kl. 0028, Florø, ordensuroing offentleg stad, mann i 30 åra bortvist frå sentrum."
924414244510105602,2017-10-28 23:15:05,"PolitiSFJ","Kl. 2235, Vassenden, rusfritt arrangement, gut på 17 år anmeldt for drikking på offentleg stad."
924415499483697152,2017-10-28 23:20:04,"PolitiSFJ","Kl. 2122, Ungdomsfest på Loi, mykje alkohol, og politiet har vore på staden. Festen fortset utan alkohol."
924425577636954114,2017-10-29 00:00:07,"PolitiSFJ","Kl. 0155, Stryn, køyring i rusa tilstand, politi har oppretta sak på ein mann i slutten av 30 åra."
924438779028484096,2017-10-29 00:52:34,"PolitiSFJ","Kl. 0237, Førde, munnhuggeri utanfor ein utestad, begge manlige partar i 20 åra sendt kvar sin veg."
924454226838859776,2017-10-29 01:53:57,"PolitiSFJ","Kl. 0246, Øvre Årdal, ordensuroing offentleg stad, mellom to par i 40 åra. Politiet har vore på staden."
924454478014832641,2017-10-29 01:54:57,"PolitiSFJ","Kl.0256, Raudeberg, promillekøyring, mann i 30 åra er att med til blodprøve og vert anmeldt. Førarkort er beslaglagt."
924454695711764482,2017-10-29 01:55:49,"PolitiSFJ","Kl. 0202, Nordfjordeid, slossing utanfor utestad, partane var borte når politiet kom."
924456334115921920,2017-10-29 02:02:20,"PolitiSFJ","Kl. 0208, Førde, slossing på ein utestad mellom to menn i 20 åra. den uttøvande part er sett i arrest. Han vert anmeldt."
924579327508975616,2017-10-29 10:11:04,"PolitiSFJ","Balestrand - Flytebrygge på rek. Ei flytebrygge på 1mX2,5 m i hardplast har slete seg frå Balaviki. Kan vere til fare for småbåtar."
924620083468611584,2017-10-29 12:53:01,"PolitiSFJ",Flytebrygga vart funnen i fjæresteinane i Balestrand.
924874369347870720,2017-10-30 05:43:27,"PolitiSFJ","Kl.1000-1500 i Nordfjord, trenar politiet utrykningskøyring på strekninga mellom Måløy og Eid rv15, og strekninga Åheim - Selje - Flatraket."
924909221749149696,2017-10-30 08:01:57,"PolitiSFJ","Vågsøy RV15 Almenningsfjellet, påkøyrt hjort. Viltnemnda varsla"
924910805522485248,2017-10-30 08:08:14,"PolitiSFJ","Selje - Fv618 , Berstad , Påkøyrt hjort, Vegmeldingssentralen varsla og vil fjerne kadaveret."
924947682753417216,2017-10-30 10:34:46,"PolitiSFJ",Sogndal - Sentrum UP- 3 FF bruk av handholdt mobiltelefon. 2 Gebyr for ikkje bruk av bilbelte.
925245984128618496,2017-10-31 06:20:07,"PolitiSFJ","Farnes, påkøyrd hjort. Overtatt av viltnemda"
925246155797225472,2017-10-31 06:20:48,"PolitiSFJ",Fresvik. Påkøyrd hjort. Viltnemda overtatt
925305786238144512,2017-10-31 10:17:45,"PolitiSFJ","Gaular - Øvelse ved Gaular sjukeheim,  Ein kan observerer utrykningskøyretøy på staden ."
925306302749921281,2017-10-31 10:19:48,"PolitiSFJ",Onsdag 8. november vil pass- og utlendingsekspedisjonar i Vest politidistrikt halde stengt grunna oppdatering av datasystem.
925358057701429248,2017-10-31 13:45:27,"PolitiSFJ",Stryn - RV15 - Svarstadsvingane.Trafikkuhell eit einsleg køyretøy innblanda.  Bilen køyrt ut av vegen. Ein person i bilen. Nødetatane på veg
925358630425243648,2017-10-31 13:47:44,"PolitiSFJ",Nødetatane på staden. Manuell trafikkdirigering.
925360630462377986,2017-10-31 13:55:41,"PolitiSFJ",Førar sendt til legevakt i Stryn for undersøkjing.
925371813051461632,2017-10-31 14:40:07,"PolitiSFJ",E16-Bjørkum-Trafikkontroll- 80 km/t sone. 3 ff for fart. Høgste hastighet 104 Km/t.
925398151040823296,2017-10-31 16:24:46,"PolitiSFJ",16:42 Eid UP avsluttet kontroll i Eid sentum. 2 fikk FF for å bruke håndholdt mobiltelefon under kjøringen.
925429760540495872,2017-10-31 18:30:23,"PolitiSFJ","19:17 Eid UP avsluttet fartskontroll i 80 sona på Skrede. 3 fikk FF, høyeste hastighet målt til 100 km/t."
925656625431613440,2017-11-01 09:31:52,"PolitiSFJ","Kl 0739 Eid -  E39 ved Lotetunnelen, Påkøyrt hjort - Viltnemnda varska"
925797306082963458,2017-11-01 18:50:52,"PolitiSFJ","Kl. 1754, Håbakken, Lærdal, politi og SVV har hatt ein samarbeidskontroll. 93 vogntog kontrollert opp mot rus. Alt ok."
925812932272951296,2017-11-01 19:52:58,"PolitiSFJ","Kl.1621, Hjelle E39, 60 sone, UP har hatt fartskontroll, 2 FF høgste fart 73 km/t, 1 beslag på prikkar - fart 75 km/t, mann i 40 åra."
925814436190937089,2017-11-01 19:58:57,"PolitiSFJ","Kl. 2025, Førde, i samband med eit arrangement i Førdehuset var det mykje ulovleg parkering langs Angedalsvegen, politiet skreiv ut 5 gebyr."
925816725152690176,2017-11-01 20:08:02,"PolitiSFJ","Kl. 2054, Moldefjorden, fv618, påkøyrt hjort, viltnemnda varsla."
925968191926472704,2017-11-02 06:09:55,"PolitiSFJ",06:31 Gaular Hjortepåkjørsel mellom Sande og Vadheim. Hjorten sprang fra stedet etter sammenstøtet. Viltnemnda har overtatt saken.
925970410985918464,2017-11-02 06:18:44,"PolitiSFJ","06:18 Håbakken Lærdal, politi og SVV har hatt kontroll i samarbeid. Totalt 74 kjøretøy/førere kontrollert mot rus og dokument, alt OK."
925970626405392384,2017-11-02 06:19:35,"PolitiSFJ","UP kontrollerte 59 tunge kjøretøy for promille i samme kontrollen, ingen reaksjoner."
926059076647358464,2017-11-02 12:11:03,"PolitiSFJ","12:18 Sognnes, Hyllestad. Melding om ein truck og ein person i sjøen. Alle naudetatar, pluss LAMB, staden."
926083411390935041,2017-11-02 13:47:45,"PolitiSFJ","09:21 Naustdalsneset. UP med promillekontroll. Totalt 107 kontrollerte, ingen reaksjoner. Ein mangllapp for lys."
926083829990940672,2017-11-02 13:49:25,"PolitiSFJ",12:20 Loen. Politiet med laserkontroll i 60-sona mellom Loen og Olden. Eit førerkortbeslag. Målt til 88 km/t.
926084598190231558,2017-11-02 13:52:28,"PolitiSFJ",12:15 Vassenden. UP med laserkontroll i 50-sona. Totalt 6 forenkla forelegg. Høgaste fart 64 km/t. Også 4 mangellappa på lys.
926097075292594176,2017-11-02 14:42:03,"PolitiSFJ","Maurstad, Vågsøy. UP med laserkontroll i 50-sona. Resultat 9 forenkla forelegg. Høgste fart 71 km/t. To forenkla forelegg for mobilbruk."
926177012145950720,2017-11-02 19:59:41,"PolitiSFJ","Rv5 Sogndal sentrum. UP, trafikkontroll. 1FF mobilbruk, 1 beltegebyr"
926223855647186949,2017-11-02 23:05:50,"PolitiSFJ",23:13 Høyanger Hjortepåkjørsel hvor hjorten døde under sammenstøtet. Store skader på bilen. Viltnemnda har overtatt saken.
926333086970863617,2017-11-03 06:19:53,"PolitiSFJ","07:03 Høyanger Trafikkulykke mellom Hovdentunnelen og Kvernhaugtunellen. Enslig kjøretøy av vegen, en person i bilen. Nødetatene på veg."
926333228088250368,2017-11-03 06:20:26,"PolitiSFJ",Trafikken går som normalt på stedet.
926407593161093120,2017-11-03 11:15:56,"PolitiSFJ","Kl. 1127, Førde, UP har hatt promillekontroll i sentrum, 38 kontrollerte, ingen utslag."
926423261407272960,2017-11-03 12:18:12,"PolitiSFJ","Kl. 1020, Hornindal, E39, UP har hatt fartskontroll i 60 sona ved skulen, 14 FF - høgste fart var 80 km/t."
926624326874476545,2017-11-04 01:37:10,"PolitiSFJ",Førde - Sentrum ein rusa mann i 20 åra satt i arrest etter å ha hoppa på taket til ein bil.
926627374023823362,2017-11-04 01:49:16,"PolitiSFJ",Førde - Ein mann  i slutten av tenåra  sendt til legevakta etter å ha blitt slått og sparka på ein privatfest. Forholdet blir følgt opp.
926689603939127297,2017-11-04 05:56:33,"PolitiSFJ",Flora - Påkøyrt hjort Rv 5 Botnastranda. Viltnemnda varsla
926697798720000000,2017-11-04 06:29:07,"PolitiSFJ",Aurland - Gudvangen E16 påkøyrt hjort . Viltnemnda varsla
926709116877369344,2017-11-04 07:14:05,"PolitiSFJ",Brann i traktor på Bjørlo på Eid - nødetatene på vei
926712178119512064,2017-11-04 07:26:15,"PolitiSFJ",Brannen er under kontroll - ikke fare for spredning.
926714312604946432,2017-11-04 07:34:44,"PolitiSFJ",Brannen i traktoren er nå slukket.
926725617290227714,2017-11-04 08:19:39,"PolitiSFJ",Savnet jakthund Basset på Stavang i området Grønlia den er lys brun og har et rødt dekken med tlf nr til eier.
926859416724557824,2017-11-04 17:11:19,"PolitiSFJ",12:00 Florø. UP med promillekontroll på Evja og i Eikefjorden. Totalt 63 kontrollerte. Ingen reaksjoner.
926997513009328128,2017-11-05 02:20:04,"PolitiSFJ",Flora - RV 5 Eikefjord. UP stansa bil førar tatt med til blodprøvetaking etter mistanke om ruskøyring. Mannen hadde ikkje gylding førarkort.
927019469083353088,2017-11-05 03:47:19,"PolitiSFJ",Førde sentrum fleire ungdommar har vore truande over for personar i ein bil. Ei rute vart knust på bilen. Forholdet blir anmeldt
927104938886549505,2017-11-05 09:26:56,"PolitiSFJ","Hittet hund i Sande, Gaular en brun Terrier er blitt tatt hand om der.  Noen som savner denne? Den har ikke halsband."
927148002799706112,2017-11-05 12:18:04,"PolitiSFJ",UP har gjennomført promillekontroll på Bruland. 102 kontrollerte alt ok.  1 anm for ikke å ha rett førerkortklasse.
927478261059342336,2017-11-06 10:10:23,"PolitiSFJ","E39 Egge. UP, promillekontroll. 40 kontrollerte køyretøy. Ein heldig sjåfør med utslag under grensen for lavpromille"
927479138759397376,2017-11-06 10:13:53,"PolitiSFJ","E39 Sande. UP, trafikkontroll. 27 kontrollerte, ingen reaksjoner"
927501408907251712,2017-11-06 11:42:22,"PolitiSFJ",Askvoll/Kvammen. Melding om pipebrann med mulig spredning til vegg. Naudetatane er på veg
927526156831723520,2017-11-06 13:20:43,"PolitiSFJ","E39 Håheim. UP, trafikkontroll. 1 fk beslag, 93 Km/t i 60-sone. 1FF, 70 km/t"
927527392775753729,2017-11-06 13:25:37,"PolitiSFJ","FV55. UP, trafikkontroll. 2FF, høgste fart 96 km/t i 80-sone."
927535926284308481,2017-11-06 13:59:32,"PolitiSFJ","Og det viste seg då i ettertid, at kontrollen rett og slett ikkje var på FV 55. Derimot så sto UP på E39 ved Hamneneset, Og vi beklager :-) https://t.co/TIja0tgAzZ"
927768566367244288,2017-11-07 05:23:57,"PolitiSFJ",02:15 Naudetatane rykka ut etter mld om kraftig ammoniakk-lukt på eit hotell i Høyanger. Alle 25 gjestane evakuerte medan BRN søkte gjennom.
927769373175091200,2017-11-07 05:27:10,"PolitiSFJ",Årsaka synte seg å være varmegang i eit kjøleskap. Skapet vart fjerna og gjestane fekk returnere til romma sine. Undersøkelsessak oppretta.
927900338358837248,2017-11-07 14:07:34,"PolitiSFJ","Sandane. UP, trafikkontroll. 6FF for bruk av handholdt mobiltelefon. 2 beltegebyr"
927900951259828224,2017-11-07 14:10:01,"PolitiSFJ","E39, Hafstad, UP trafikkontroll. 3 mangellapper for feil på hovedlys. 1 anm for køyring uten å ha førerkort for bil med tilhenger"
927989701797187584,2017-11-07 20:02:40,"PolitiSFJ","Kl. 1932, Florø, leiteaksjon etter ei 16 år gammal jente er i gangsatt ved Sørstrand. Politi, ambulanse, brannvesen, Røde kors, Sea King og"
927989932609671168,2017-11-07 20:03:35,"PolitiSFJ","Norske Redningshundar bidreg i søket. Jenta har på seg gul genser, svart bukse og slippers. Vi ønsker tips angåande observasjoner på 02800."
927990867603918854,2017-11-07 20:07:18,"PolitiSFJ",Kl. 2106 er det kontroll på jenta. Funnen ved parkeringsplassen på Sørstrand.
928221251117740032,2017-11-08 11:22:46,"PolitiSFJ",8.november opnar vi ny operasjonssentral og flytter samstundes til ny twitterkonto. Følg oss videre på @politivest
