937986845916520448,2017-12-05 10:07:45,"Riksadvokaten","Riksadvokaten om politibevæpning: alminnelig bevæpning, med nærmere angitte begrensninger, må iverksettes. Les høringsuttalelsen på https://t.co/pKWDIs0GNw. #politibevæpning"
939106901425573890,2017-12-08 12:18:27,"Riksadvokaten",Den høyere påtalemyndighet har fått ny hjemmeside. Se https://t.co/pKWDIs0GNw.
940219416175722497,2017-12-11 13:59:11,"Riksadvokaten",Riksadvokaten om særorgansutredningen: nå er ikke tiden for ytterligere omorganisering i politiet. Les høringsuttalelsen her: https://t.co/dHoTdawuGg  #særorgan #riksadvokaten
944202152158879745,2017-12-22 13:45:10,"Riksadvokaten",Riksadvokaten med oppdaterte satser for trafikkbøter fom 1. januar 2018 https://t.co/YpOsyKt4uW Se også  https://t.co/72p4WHeGED #trafikkbot #trafikksikkerhet
948905689677692929,2018-01-04 13:15:20,"Riksadvokaten",Ledige stillinger som konstituert statsadvokat ved @Riksadvokaten og Agder statsadvokatembeter:  https://t.co/6FxfoYgpVr  #stillingledig #påtalemyndigheten
949183963473555458,2018-01-05 07:41:06,"Riksadvokaten",Anbefalt lesning for påtalejurister og statsadvokater:  @PHSbib https://t.co/yVU5I8fdwi  #etterforsking #boklansering
955314178612518912,2018-01-22 05:40:23,"Riksadvokaten",Riksadvokat i 20 år: https://t.co/8VjkI5ktog Og riksadvokatene før ham: https://t.co/1QVqGcHODi #riksadvokat #påtalemyndighet https://t.co/g75cqHN3E8
960437650237816832,2018-02-05 08:59:14,"Riksadvokaten",Ledig stilling som statsadvokat ved Det nasjonale statsadvokatembetet https://t.co/6FxfoYgpVr  #stillingledig #påtalemyndigheten
961538473525202944,2018-02-08 09:53:31,"Riksadvokaten",Endringer i statsadvokatdistrikter fra 1. mars 2018: https://t.co/8YTWX0Esnh  #påtalemyndigheten #politireform
961588469138063360,2018-02-08 13:12:11,"Riksadvokaten",@Riksadvokaten gratulerer Norges politilederlag med 125-årsjubileet og ser frem til fortsatt godt samarbeid i årene fremover. #politiet https://t.co/atgTnQbuyH
964113793113579520,2018-02-15 12:26:55,"Riksadvokaten",@Riksadvokaten sine kommentarer til politiets straffesaksbehandling i 2017: https://t.co/I4wfa3JEJr #straffesaksbehandling #politiet
968087542980587520,2018-02-26 11:37:11,"Riksadvokaten",Riksadvokatens mål og prioriteringer for straffesaksbehandlingen i 2018: https://t.co/oPdBDMEwoB  #straffesaksbehandling #påtalemyndigheten #politiet
969491729090048000,2018-03-02 08:36:55,"Riksadvokaten",Statsadvokatene avgjorde også i 2017 et høyt antall saker og antall rettsdager er det nest høyeste i siste femårsperiode. Virksomheten ved embetene har også vært preget av økt fagledelse av politiet: https://t.co/5nibVyDJZt …  #påtalemyndigheten #årsrapport
971313442979287041,2018-03-07 09:15:45,"Riksadvokaten",Norsk kriminalpolitikk – hvor står vi og hvor skal vi? @Advokatforeningen og @Riksadvokaten inviterer til felles seminar 4. april i Oslo. https://t.co/Z20EQ9YrLi  Vis gjerne din interesse her: https://t.co/TzTmjpyrI7   #kriminalpolitikk #strafferett
977061639873843200,2018-03-23 05:57:02,"Riksadvokaten","Bedre kvalitet på arbeid med voldssaker mot barn, likevel behov for noen regelendringer for avhør https://t.co/my4nGKQdJB . Les  riksadvokatens brev til @Justisdep her: https://t.co/Ym5vQnFizD #påtalemyndigheten"
977178251520069632,2018-03-23 13:40:24,"Riksadvokaten",Førstestatsadvokat Runar Torgersen ved Riksadvokatembetet leder utvalget som skal forberede ny rusreform https://t.co/cq3mGXLYFH  #rusreform #påtalemyndigheten
981429787242745856,2018-04-04 07:14:30,"Riksadvokaten","Riksadvokat Busch innleder nå til debatt om kriminalpolitikk, strømmes via hjemmesiden til Riksadvokatembetet https://t.co/KYvIiMFNvc #kriminalpolitikk #påtalemyndigheten https://t.co/OYgDy8rayQ"
989049164616163331,2018-04-25 07:51:11,"Riksadvokaten",Oppdaterte satser for trafikkbøter https://t.co/Y7MfpNrEo6 #trafikkbot #trafikksikkerhet
1002099119459045376,2018-05-31 08:07:02,"Riksadvokaten",Statsadvokatene får siste nytt om #digitalisering av #straffesaksbehandling på årets statsadvokatmøte. #påtalemyndigheten #politiet #utvikling https://t.co/mFXrGqS0JF
1004253503278211072,2018-06-06 06:47:47,"Riksadvokaten",Riksadvokatembetet på besøk i Den europeiske menneskerettighetsdomstolen @ECHR_Press #menneskerettigheter #påtalemyndigheten https://t.co/JpU7jZCxMe
1004637168894128128,2018-06-07 08:12:20,"Riksadvokaten","Riksadvokaten på @Antikorrkonf : Dette er en viktig konferanse, dette er et viktig arbeid. Korrupsjon er et alvorlig samfunnsproblem, og en troverdig bekjempelse av korrupsjon er avgjørende for et moderne demokrati. #antikorrupsjon #økokrim #påtalemyndigheten https://t.co/x2pFDSpE4t"
1005072995214397441,2018-06-08 13:04:10,"Riksadvokaten","Førstestatsadvokat Terje Nybøe stiller på #dax18 i dag og redegjør for #påtalemyndigheten sitt syn på #strafferabatt, årsaker og tiltak.  https://t.co/H8dzCfshIv"
1005163041640665088,2018-06-08 19:01:58,"Riksadvokaten","RT @TerjeNybe: Vi ble brått avbrutt. Fikk ikke snakket om alle tiltak for å få ned saksbeh. tid. Digitalisering, Politiarbeid på stedet, Fe…"
1006865111443804160,2018-06-13 11:45:23,"Riksadvokaten","...og en del av politireformen er en felles handlingsplan utarbeidet av @Riksadvokaten og @Politidir for å styrke kvaliteten på etterforsking og påtalearbeid , og å gjøre det mer attraktivt å jobbe som etterforsker og påtalejurist i politiet. https://t.co/JKmtFVvYDH"
1009383425885769728,2018-06-20 10:32:16,"Riksadvokaten","Søknadsfrist i dag; ledig kontorsjefstilling ved Nordland statsadvokatembeter,  https://t.co/6FxfoYgpVr  #stillingledig #påtalemyndigheten"
1010059570776027136,2018-06-22 07:19:02,"Riksadvokaten",Ledig stilling som IKT-rådgiver ved Riksadvokatembetet:  https://t.co/6FxfoYgpVr  #påtalemyndigheten #stillingledig #digitalisering
1012389877126717440,2018-06-28 17:38:50,"Riksadvokaten","Riksadvokaten på Dax18 om blant annet etterforsking, saksbehandlingstid og #påtalemyndigheten i #politiet https://t.co/H8dzCfshIv"
1016584710917640192,2018-07-10 07:27:36,"Riksadvokaten","Riksadvokaten si oppsummering av statsadvokatmøtet 2018 inneheld einskilde retningslinjer, pålegg og orienteringar av betyding for statsadvokatane og politiet: https://t.co/zOaqQgCavj  #påtalemyndigheten #politiet"
1028906968960983040,2018-08-13 07:31:52,"Riksadvokaten",Riksadvokaten om #etterforsking @ArendalsUka i morgen 14. august:  https://t.co/SVDjjUL5gm #påtalemyndigheten #politiet #arendalsuka2018 https://t.co/tXZLCHeGF9
1029241754283896832,2018-08-14 05:42:11,"Riksadvokaten",Dagens debatt om #etterforsking @ArendalsUka sendes direkte her: https://t.co/xKCCpN8KT6 #påtalemyndigheten #politiet
1029584779753267202,2018-08-15 04:25:14,"Riksadvokaten",Riksadvokaten om #ungdomsstraff @ArendalsUka i morgen: https://t.co/NTyGyIwPfR     #påtalemyndigheten #konfliktråd #arendalsuka2018
1031441697794871301,2018-08-20 07:23:58,"Riksadvokaten",To faste konsulentstillinger ledig ved Oslo statsadvokatembeter: https://t.co/6FxfoYgpVr #stillingledig #påtalemyndigheten
1031792148457373698,2018-08-21 06:36:32,"Riksadvokaten",Hvordan unngå unødig langvarige rettssaker? Første delrapport om effektivisering av behandlingen av større straffesaker er levert riksadvokaten og vil arbeides videre med av straffesakenes øvrige aktører. https://t.co/bwZ7WZUVP9 #påtalemyndigheten #rettssikkerhet #domstol
1033999579451207680,2018-08-27 08:48:05,"Riksadvokaten",Riksadvokaten deltar denne uken på nordisk riksadvokatmøte. Blant temaene er oppmerksomhet om etiske retningslinjer for #politiet og #påtalemyndigheten og mer effektiv avvikling av større #straffesaker. @aklagareSE @Rigsadvokaten  https://t.co/qEkg858Lm9  https://t.co/gqqktPY9Ap
1035097386115375104,2018-08-30 09:30:22,"Riksadvokaten",NATO-øvelsen Trident Juncture reiser problemstilllinger for norsk #påtalemyndighet og #politi. Les riksadvokatens pålegg og anvisninger: https://t.co/x69Fwb0hzK  #Generaladvokaten #Forsvaret #TridentJuncture
1035460172485996544,2018-08-31 09:31:57,"Riksadvokaten",Ledig stilling som embetsleder ved Møre og Romsdal statsadvokatembeter: https://t.co/6FxfoYgpVr  #stillingledig #påtalemyndigheten
1036553960738512896,2018-09-03 09:58:17,"Riksadvokaten","Fast embete som statsadvokat ved Vestfold, Telemark og Buskerud statsadvokatembeter: https://t.co/6FxfoYgpVr #stillingledig #påtalemyndigheten"
1037621660877242368,2018-09-06 08:40:56,"Riksadvokaten",Hvordan bekjempe gjengkriminalitet? Riksadvokaten kommer med enkelte direktiver til #politiet og #påtalemyndigheten  og fremmer forslag til tiltak til @Justisdep:  https://t.co/tK5AEGEjEQ  #konfliktradet
1039454601941012480,2018-09-11 10:04:23,"Riksadvokaten","Riksadvokaten sine nye retningslinjer for behandlinga av saker som gjeld heleri, kvitvasking og sjølvvasking erstatter retningslinjene om sjølvvasking frå 2007: https://t.co/yfOWtIWhkH #hvitvasking #økokrim #politiet #påtalemyndigheten"
1041650899439935488,2018-09-17 11:31:42,"Riksadvokaten",Riksadvokatens høringsuttalelse til @Arbeidsdep om varsling: savner utvalgets syn på forholdet mellom #rapporteringsplikt og #varslingsrett bl.a.: https://t.co/RPBsFTFQMA #påtalemyndigheten #politiet
1042387928570388481,2018-09-19 12:20:23,"Riksadvokaten",Riksadvokaten avklarer når tidspunkt for ankefrist begynner å løpe: https://t.co/LJft0hldRY #politiet #påtalemyndigheten #domstoler
1044149382596239360,2018-09-24 08:59:46,"Riksadvokaten",Ledig fast embete som statsadvokat ved Oslo statsadvokatembeter: https://t.co/6FxfoYgpVr #stillingledig #påtalemyndigheten
1044187571557994496,2018-09-24 11:31:31,"Riksadvokaten",Riksadvokatens oppsummering og oppfølging av Transocean-saken:  https://t.co/DAbQTbRy15 #påtalemyndigheten
1044534246356979712,2018-09-25 10:29:05,"Riksadvokaten",Riksadvokaten har gitt si høyringsfråsegn til forslag om endringar i straffelova og straffeprosesslova:  https://t.co/Wlh8mIxXaV  #påtalemyndigheten #straffelov #straffeprosesslov
1045243839873724416,2018-09-27 09:28:45,"Riksadvokaten",Riksadvokaten med retningslinjer for systematisk læring ifm Etterforskingsløftet: https://t.co/cDxtKItQBq #politiet #påtalemyndigheten #fagledelse
1047496889032220672,2018-10-03 14:41:34,"Riksadvokaten",Riksadvokatembetet har i dag hatt møte med OMOD -Organisasjonen mot Offentlig Diskriminering. Det er alltid nyttig å høre organisasjonens refleksjoner og erfaringer. #påtalemyndigheten https://t.co/21mSHDHt5e
1049965468222726146,2018-10-10 10:10:49,"Riksadvokaten",Ledig fast embete som statsadvokat ved Møre og Romsdal statsadvokatembeter: https://t.co/6FxfoYgpVr …  #stillingledig #påtalemyndigheten
1051753917355368448,2018-10-15 08:37:29,"Riksadvokaten",Riksadvokaten om  @Kulturdep sitt forslag til ny medieansvarslov: https://t.co/kI4duZe6jy … @Kulturdep  #påtalemyndigheten #medieansvar
1051755139088961536,2018-10-15 08:42:20,"Riksadvokaten",Konstitusjon som førstestatsadvokat (teamleder) i @okokrim :  https://t.co/6FxfoYgpVr #stillingledig #økokrim #påtalemyndigheten
1052144624515584001,2018-10-16 10:30:01,"Riksadvokaten",Riksadvokaten om spredning av  bilder som er særlig egnet til å krenke privatlivets fred:  https://t.co/kGtnNt1jpp #påtalemyndigheten #kripos #personvern #nettvett
1052179394721181696,2018-10-16 12:48:10,"Riksadvokaten",Riksadvokaten snakker til #politiledere på ⁦@PF_offisiell⁩ sin Lederkongress 2018. #påtalemyndigheten #politiet #verdibasertledelse https://t.co/2Qm65k2ium
1052834175953166336,2018-10-18 08:10:02,"Riksadvokaten",Førstestatsadvokatene samlet for å diskutere #politiet sin #straffesaksbehandling. Blant annet. #påtalemyndigheten #fagledelse https://t.co/1skkGXQ0Va
1054282832997244928,2018-10-22 08:06:29,"Riksadvokaten",Riksadvokatens høringssvar om frist for #fengsling mv: https://t.co/RHtR5BxTIP #påtalemyndigheten #politiet #straffeprosessloven #politiarrest
1055345162728161281,2018-10-25 06:27:48,"Riksadvokaten",#påtalemyndigheten sin uttalelse til @Gjenopptakelse om Torgersen-saken: https://t.co/7TYRJN3Wgi
1056926848964280321,2018-10-29 15:12:52,"Riksadvokaten","Riksadvokatembetet har i dag hatt innlegg ved @Politihogskolen, studie for instruktører i #etterforsking. En viktig gruppe, som bl.a. sammen med fag- og opplæringsansvarlige i politidistriktene skal bidra til bedre #kvalitet i etterforskingen. #påtalemyndigheten #politiet https://t.co/lIDUjj1IXo"
1057218353935405056,2018-10-30 10:31:12,"Riksadvokaten","Riksadvokaten åpner ⁦@Kripos_NCIS⁩ sitt årlige, nasjonale seminar om #tilrettelagteavhør. Budskapet er at #kvaliteten på #avhør av barn har aldri vært bedre, og at det er et ufravikelig krav at vi holder et kvalitetsmessig forsvarlig nivå. #påtalemyndigheten #politiet https://t.co/ENJd9aNjRp"
1057221264618721280,2018-10-30 10:42:46,"Riksadvokaten","...vi tar ikke #avhør av barn bare pga #straffesak, men fordi vi tar barn på alvor. Saker om #nettovergrep utfordrer dagens struktur med de mange fornærmede, lovgiver må kanskje gi signaler til hvordan man innenfor dagens rammer skal håndtere disse. #barnsrettigheter #barnehus"
1057584939078692865,2018-10-31 10:47:53,"Riksadvokaten","Riksadvokat Tor-Aksel Busch er intervjua i den danske avisa Information. Under tittelen: ""Man kan ikke lade Gallupundersøgelser ligge til grund for anklagemæssige beslutninger"" uttalar han seg mellom anna om påtalemakta si sjølvstende. https://t.co/oZy2mv3FEx #påtalemyndigheten"
1057926229536530433,2018-11-01 09:24:03,"Riksadvokaten","Riksadvokatembetet besøker ⁦⁦@politietsorost⁩ og orienteres bl.a. om #organisasjon, #straffesak og #påtalemyndigheten i distriktet. #politiet #fagledelse https://t.co/BoRw2ZaHDy"
1058053621579988992,2018-11-01 17:50:15,"Riksadvokaten",Riksadvokatembetet på @biotekradet sitt møte om #dna i politiarbeid i dag. Hvordan bør den nye teknologien brukes? #påtalemyndigheten #politiet #kripos https://t.co/hfMB873zAx
1059369325130407938,2018-11-05 08:58:23,"Riksadvokaten",Fast stilling som førstekonsulent ved Riksadvokatembetet: https://t.co/6FxfoYgpVr #stillingledig #påtalemyndigheten
1059756621797249024,2018-11-06 10:37:22,"Riksadvokaten",Nytt rundskriv om infiltrasjon og provokokasjon som etterforskingsmetode - både på og utanfor internett: https://t.co/VvkLgoRlyl  #påtalemyndigheten #politiet #etterforsking #nettovergrep
1060860231838765056,2018-11-09 11:42:43,"Riksadvokaten",Riksadvokatembetet på lansering av etterlengtet bok på @PHSbib  i dag:  #Vandel : om #politiattester og vurdering av #skikkethet av @HolmboeM og Tor-Geir Myhrer. #boklansering #påtalemyndigheten #politiet https://t.co/nqBIXJds0Y
1061859841348644864,2018-11-12 05:54:49,"Riksadvokaten",Ny  undersøkesle om kvalitet på etterforsking og påtalearbeid i alvorlige voldssaker:  https://t.co/q4VAJpEu3D #påtalemyndigheten #politiet #fagledelse
1062262969638240256,2018-11-13 08:36:42,"Riksadvokaten",Nytt kvalitetsrundskriv gir god oversikt over de ulike kvalitetskravene som gjelder #etterforsking og #påtalearbeid:  https://t.co/dAqZEAUj4M  #påtalemyndigheten #politiet #straffesaksbehandling
1063296447506984960,2018-11-16 05:03:22,"Riksadvokaten",Riksadvokatembetet deltar på politi- og påtalerettskonferanse  arrangert av #juridiskfakultet @UiB @bfstiftelse. Interessante innlegg og kompetente forelesere. #påtalemyndigheten #politiet #påtalerett https://t.co/0Y2v2KcOvu
1063471648278552582,2018-11-16 16:39:33,"Riksadvokaten",Vi gratulerer @AreFrykholm som ny leder av @Politiadvokaten og ser frem til like godt samarbeid som vi hadde med @BromanderS. https://t.co/GdP4NjZTxH #påtalemyndigheten #politijurist
1065603097320411138,2018-11-22 13:49:11,"Riksadvokaten","Riksadvokatembetet har i dag besøkt Bombetjenesten ved De nasjonale bistandsressurser, @politietoslo. Vi tar med oss nyttig kunnskap presentert av meget dedikert personell. #politiet #påtalemyndigheten https://t.co/C8vxQJESKq"
1065873195817934848,2018-11-23 07:42:27,"Riksadvokaten",Riksadvokaten og andre representanter for Den høyere  påtalemyndighet på Advokatforum i ⁦@hoyesterett_no⁩. #påtalemyndigheten #domstolene https://t.co/4F1ojT5irW
1070596782151876609,2018-12-06 08:32:18,"Riksadvokaten",Vi deltar på ⁦@NOVAnytt⁩ sin lansering av rapporten «Nettovergrep -et samfunnsproblem?» . Formidabel økning fra 2015 til 2017 i antall tips til ⁦@Kripos_NCIS⁩ om mulige #nettovergrep. #påtalemyndigheten #barnsrettsvern #nettvett https://t.co/1C3C3dKD8m
1073538182933827584,2018-12-14 11:20:22,"Riksadvokaten",Vi har faglunsj m besøk av ⁦@Oslotingrett⁩ - mottaker av ⁦@Komforeningen⁩ sin #åpenhetspris - som forteller om sitt arbeid m åpenhet. https://t.co/LtU4AdyMDk #domstol  #påtalemyndigheten https://t.co/IxE3UKwcDs
1075008625461092352,2018-12-18 12:43:23,"Riksadvokaten",Positivt møte med @PolitiMRpd ifm gjennomgang av resultatene fra Kvalitetsundersøkelsen 2018 https://t.co/q4VAJpEu3D Hvordan forbedre #kvaliteten i arbeidet m alvorlige #voldssaker? #politiet #påtalemyndigheten https://t.co/f2V3jvaiRL
1075017437576335360,2018-12-18 13:18:24,"Riksadvokaten",...dette er det 11. politidistriktet #statsadvokatene besøker for å gå igjennom Kvalitetsundersøkelsen https://t.co/q4VAJpEu3D                    Siste besøket blir i Rogaland over nyttår #fagledelse https://t.co/sA0khZGFjL
1075034687272304640,2018-12-18 14:26:57,"Riksadvokaten","#Generaladvokaten er på besøk.  Nyttig å få orientering om status mht personell og saker, pågående prosesser og etterforsking av militært personell. Blant annet. #påtalemyndigheten https://t.co/USXUl3aHBH"
1079772208371765248,2018-12-31 16:12:10,"Riksadvokaten",Godt nytt år! https://t.co/P92cwEDsEq
1080459197240827906,2019-01-02 13:42:01,"Riksadvokaten",Riksadvokaten gir sentrale føringer for statsadvokatenes fagledelse av straffesaksbehandlingen i politiet i 2019: https://t.co/XhYesZZxv0 #påtalemyndigheten #politiet #fagledelse
1080801550237384704,2019-01-03 12:22:24,"Riksadvokaten","Faglunsj i dag: Øyvind Holst v ⁦@Oslounivsykehus⁩ om sin doktoravhandling «Mellom #samfunnsvern og behandling. Om gjennomføring av dom på tvungent #psykisk #helsevern». Interessante diskusjoner, bl. a. om #påtalemyndigheten sin rolle. https://t.co/TZPkv9hSjY"
1081103087350239232,2019-01-04 08:20:36,"Riksadvokaten",Se noen av riksadvokatens siste avgjørelser her: https://t.co/p1UyOww5QJ og her: https://t.co/INy3CYHyuG  #påtalemyndigheten
1082601587338547203,2019-01-08 11:35:06,"Riksadvokaten",Riksadvokaten om utviklingstrekk i norsk #kriminalpolitikk gjennom 40 år i Tidsskrift for strafferett https://t.co/mnxoOzQUS1  - utgitt ifm Ragnar Auglend sin 70-årsdag. #strafferett #påtalemyndigheten
1083287854401372160,2019-01-10 09:02:05,"Riksadvokaten",Vi deltar denne uken på møter hos ⁦@aklagareSE⁩ og ⁦@Rigsadvokaten⁩ for å lære om deres grunnutdanning av nyansatte i #påtalemyndigheten. https://t.co/6M9c3n5tJz
1083719729741590530,2019-01-11 13:38:12,"Riksadvokaten","Den høyere #påtalemyndighet er for 2019 bevilget 262 mill, hvorav 3 mill r øremerket styrket #fagledelse ifm arbeid mot vold og overgrep mot barn. Riksadvokaten følger opp m fem konstitusjoner av ulik varighet ved de embeter som har størst behov for styrking."
1084802711948804097,2019-01-14 13:21:35,"Riksadvokaten",Repr fra Riksadvokatembetet og Rogaland #statsadvokatembeter på besøk hos ⁦@politietsorvest⁩. Da er Kvalitetsundersøkelsen  https://t.co/q4VAJpEu3D gjennomgått i alle 12 #politidistrikt. #påtalemyndigheten #fagledelse https://t.co/ohNMlg82c2
1088782005649715205,2019-01-25 12:53:53,"Riksadvokaten",Statsadvokat Carl Fari hilste fra riksadvokaten og understøttet viktigheten av satsningen.  @Kripos_NCIS #påtalemyndigheten #cyberkrim https://t.co/0b3xIZ0EqU
1090224093583065088,2019-01-29 12:24:13,"Riksadvokaten","Vi deltar på seminar om #voldinærerelasjoner på ⁦@Kripos_NCIS⁩. Innblikk i enkeltsaker, foredrag om kriminaltekniske spor, fornærmedes rettigheter, (ref statsadvokat Prebe her) og bruk av voldsalarm. Blant annet. #kvalitet #etterforsking #politiet #påtalemyndigheten https://t.co/RyNjOZvGzb"
1090231384159989760,2019-01-29 12:53:12,"Riksadvokaten",Interessant faglunsj om kriterier for gode begrunnelser https://t.co/Ef1NHpod4O ⁦ved ⁦@JQvigstad⁩ og Tore Schei. #påtalemyndigheten   #rettsstat #tillit https://t.co/Au21LoeWGE
1090601734022533121,2019-01-30 13:24:50,"Riksadvokaten",Riksadvokaten om reaktiv innsats mot #arbeidslivskriminalitet  på ⁦@fagforbundet⁩ og ⁦@NTLnorge⁩  sin årlige «svart økonomikonferanse»: viktig å diskutere gode tiltak. https://t.co/76a4RU51RQ   #påtalemyndigheten #økokrim https://t.co/DSgh5HP55I
1092418108323782657,2019-02-04 13:42:27,"Riksadvokaten",Ledig konstitusjon som førstestatsadvokat/avdelingsleiar i @okokrim https://t.co/6FxfoYgpVr… …  #stillingledig #påtalemyndigheten
1093092021684846592,2019-02-06 10:20:21,"Riksadvokaten",Dommen bidrar til å avklare grensen mellom straffri forberedelse og straffbart forsøk. https://t.co/I7o9rb78Hq
1093455564447891458,2019-02-07 10:24:56,"Riksadvokaten",Vi deltar på nordisk hatkrimkonferanse i regi av ⁦@Kripos_NCIS⁩ ⁦@politietoslo⁩ og ⁦@Politidir⁩. #hatkrim #påtalemyndigheten https://t.co/UBlP6Zv0Vv
1093528361492774920,2019-02-07 15:14:12,"Riksadvokaten","Riksadvokaten åpnet Nasjonal fagsamling for helsesaker i dag. Takk til gode foredragsholdere, bl a fylkeslege ⁦@HelgaArianson⁩, dir for statens undersøkelseskommisjon Pål Iden og ⁦⁦@akbefring⁩. #påtalemyndigheten #kripos https://t.co/B3om3mLVO7"
1094951959788957696,2019-02-11 13:31:05,"Riksadvokaten","Riksadvokaten mottar i dag, i likhet m mange andre i justissektoren (som statssekretæren på bildet) @Forandringsfab sin rapport ""Rett og sikkert for oss"", som gir råd om hvordan politi og rettsvesen skal møte barn som har opplevd vold og #overgrep... https://t.co/fYuXOwYdpx"
1094952175275569153,2019-02-11 13:31:56,"Riksadvokaten","...Som #påtalemyndighet er vi bl.a. med på å avgjøre om barn skal avhøres, vi ser på avhøret og argumenterer for straff i retten. Noe av det som berører oss mest i jobben er barn som har vært utsatt for vold og overgrep. #barnsrettssikkerhet"
1095241533673140224,2019-02-12 08:41:44,"Riksadvokaten",I #etterforskingsløftet er første tiltak etablering av et fagapparat. Riksadvokaten informerer om sin rolle som fagmyndighet for #straffesaksbehandlingen her: https://t.co/pnQvV4oce0 #påtalemyndigheten #politiet #fagledelse
1095587947364139008,2019-02-13 07:38:16,"Riksadvokaten",Riksadvokaten har gitt høringssvar til @Forsvarsdep sitt forslag til ny lov om Etterretningstjenesten https://t.co/ZrpTsopE4t  #påtalemyndigheten
1095609329670123521,2019-02-13 09:03:14,"Riksadvokaten","Riksadvokatembetet besøker ⁦@politietost⁩ i dag. Vi orienteres om #påtalemyndigheten i distriktet, #straffesak og #etterforsking . Blant annet. #politiet #fagledelse https://t.co/8fyi6F3Ikw"
1095965410044903424,2019-02-14 08:38:10,"Riksadvokaten","Ledig vikariat som konsulent ved Hordaland, Sogn og Fjordane statsadvokatembeter https://t.co/6FxfoYgpVr …… …  #stillingledig #påtalemyndigheten"
1097836604406808577,2019-02-19 12:33:37,"Riksadvokaten",Riksadvokaten har i samarbeid med @Politidir kommentert hovedresultatene for #politiet sin #straffesaksbehandling i 2018: https://t.co/sZiHqSmxXl #påtalemyndigheten #fagledelse
1100383928383389696,2019-02-26 13:15:47,"Riksadvokaten",Riksadvokatens mål og prioriteringer for #straffesaksbehandlingen i 2019:  viktig med fortsatt stor oppmerksomhet om #etterforsking. Blant annet. https://t.co/rbN7gQHDjl #påtalemyndigheten #politiet
1100681254536691712,2019-02-27 08:57:15,"Riksadvokaten",#årsrapport 2018: sentrale høyringsfråsegn og auka #fagleiing har teke mykje kapasitet i året som er gått; https://t.co/QsRgNM9WSa #påtalemakta
1102580046647177217,2019-03-04 14:42:22,"Riksadvokaten",@Riksadvokaten og @Politidir gir ordre om nasjonal innsats mot gjengmiljøene: https://t.co/JMVaZaWZhf #påtalemyndigheten #politiet
1103204341991817216,2019-03-06 08:03:06,"Riksadvokaten",Er dagens #ungdomsstraff god nok? spør ⁦@Barneombudet⁩ som arrangerer seminar om temaet i dag. #påtalemyndigheten er til stede. https://t.co/ghnlulOtsB
1103237759723028480,2019-03-06 10:15:53,"Riksadvokaten",Embetsledermøte; betydningen av fortsatt stor oppmerksomhet om  #etterforsking i #politiet understrekes. ⁦@olesaev⁩ orienterer i den forbindelse om ⁦@Politidir⁩ sin kapasitetsundersøkelse https://t.co/Y0Z14NcBfF #fagledelse #påtalemyndigheten https://t.co/1CQTlYjltc
1103550103053320193,2019-03-07 06:57:02,"Riksadvokaten",Riksadvokaten og @Advokatforening inviterer til seminar om #ungdomskriminalitet og #ungdomsstraff 2. mai på @Litteraturhuset i Oslo. https://t.co/QBKppMUZOI Velkommen! #påtalemyndigheten
1105035275015806976,2019-03-11 09:18:34,"Riksadvokaten","Frå 10. mars skal også #straffesaksdokument til @hoyesterett_no sendes elektronisk. Dermed er det innført #digitalsamhandling med statsadvokatane for alle saker, med unntak for saker som skal til @Justisdep. https://t.co/gH8Vly3zSY … #påtalemyndigheten #digitalisering #utvikling"
1105821713118449665,2019-03-13 13:23:36,"Riksadvokaten","Nasjonalt straffesaksmøte ⁦@Kripos_NCIS⁩: f.statsadvokat Rise har ledet arbeidsgruppe på oppdrag fra ⁦@Justisdep⁩ og pres rapport om saksflyt mlm #politiet, #påtalemyndigheten og #domstolene i saker om overgrep mot barn. #barnsrettssikkerhet https://t.co/odKPVK5KFZ"
1107945647909601280,2019-03-19 10:03:21,"Riksadvokaten","Økte ressurser, men også høyere kvalitet og et mer komplekst og krevende straffesaksbilde. Riksadvokaten gir sine vurderinger om utviklingen av etterforskingsfeltet: https://t.co/k6i3qi0Kwl… #påtalemyndigheten #politiet #etterforsking"
1108306430409490432,2019-03-20 09:56:59,"Riksadvokaten",#påtalemyndigheten deltar på seminar om #rettsmedisinsk #sakkyndighet. F.statsadvokat Strand innleder m foredrag om sakkyndighetens betydning for #rettsstaten. https://t.co/PHtuoiCU77 https://t.co/82azznKfNZ
1108631281993175042,2019-03-21 07:27:49,"Riksadvokaten",Ledig fast embete som førstestatsadvokat hos @Riksadvokaten : https://t.co/6FxfoYgpVr … #stillingledig #påtalemyndigheten
1111272593083039747,2019-03-28 14:23:27,"Riksadvokaten",FOA (fag-og opplæringsansv) i #etterforskingsløftet samlet denne uken. @Riksadvokaten  sin repr fremhevet FOA-enes nøkkelrolle som bindeledd mlm fagapparatet/ @Politihogskolen og #politidistriktene. https://t.co/pnQvV4oce0  #påtalemyndigheten #fagledelse
1112706410201182210,2019-04-01 13:20:55,"Riksadvokaten","#IKT -brukerforum for Den høgare #påtalemakta er no etablert, med representantar frå alle #statsadvokatembeta og @okokrim : https://t.co/cXMWyY9NK9  #digitalisering #utvikling"
1113729288430338049,2019-04-04 09:05:29,"Riksadvokaten",Ledig fast embete som statsadvokat ved @Riksadvokaten https://t.co/6FxfoYgpVr  #påtalemyndigheten #stillingledig
1115925396825038848,2019-04-10 10:32:02,"Riksadvokaten",Vi deltar på #kriminalteknisk konferanse ⁦@Kripos_NCIS⁩  #påtalemyndigheten #etterforsking https://t.co/22TDgTtL6q
1116237698870673408,2019-04-11 07:13:00,"Riksadvokaten",Ass. riksadvokat Knut Erik Sæther er hos ⁦@politietoslo⁩ og snakker om #kvalitet i #etterforsking m utgpkt i det nye kvalitetsrundskrivet https://t.co/dAqZEAUj4M #påtalemyndigheten https://t.co/fe6eAXR87X
1116251628980588544,2019-04-11 08:08:21,"Riksadvokaten",Representanter fra @Riksadvokaten deltar. https://t.co/KLIZfiojAT
1116287840562892800,2019-04-11 10:32:15,"Riksadvokaten",Hvordan møte og håndtere disse alvorlige og omfattende sakene i straffesakssporet? Statsadv Istad ⁦på ⁦⁩⁦@Kripos_NCIS⁩ sin lansering av ny rapport om #nettovergrep : https://t.co/jIz9X91b5e #påtalemyndigheten #barnsrettsvern #nettvett https://t.co/4CMkjQItto
1117795943326330880,2019-04-15 14:24:55,"Riksadvokaten",Ledig konstitusjon som #statsadvokat v miljøkrimavdelinga @okokrim  https://t.co/6FxfoYgpVr søknadsfrist 29.april. #stllingledig  #påtalemakta #miljøkrim
1120661951141621771,2019-04-23 12:13:24,"Riksadvokaten",Hva kan og bør gjøres med #ungdomskriminalitet? @Riksadvokaten og @Advokatforening inviterer til seminar 2. mai på @Litteraturhuset i Oslo. https://t.co/IuO3a2GNRw #påtalemyndigheten #ungdomsstraff
1121318842070913024,2019-04-25 07:43:39,"Riksadvokaten","Riksadvokaten har avgitt høringssvar om endringer i straffeloven, blant annet om avvergeplikt, tvangsekteskap, skyting mot politiet og fratakelse av tjenestevåpen: https://t.co/g0Ae3OoTc0 #påtalemyndigheten"
1121376252370223104,2019-04-25 11:31:47,"Riksadvokaten","- Informasjon gir trygge barn, og trygge barn snakker mer. Tøffe  proffer fra ⁦@ForandringsFab⁩ deler sin kunnskap om #vold og #overgrep m oss. https://t.co/bFR6boANfC #påtalemyndigheten #tilrettelagteavhør #barnsrettssikkerhet https://t.co/y3CFOhI8GP"
1121697023894462464,2019-04-26 08:46:25,"Riksadvokaten",Ledig stilling som konsulent ved Oslo statsadvokatembeter https://t.co/BLb1Pg7cu9 Søknadsfrist 30. april. #stllingledig  #påtalemyndigheten
1123207399937126400,2019-04-30 12:48:06,"Riksadvokaten",Høring i justiskomiteen. Riksadvokaten holder innlegg om #utilregnelighet. #påtalemyndigheten https://t.co/cMpoonaaJw
1123851928881045506,2019-05-02 07:29:14,"Riksadvokaten","@SigmundBook @ssbnytt om #kriminalitetsutviklingen på dagens seminar om #ungdomskrim, som strømmes her: https://t.co/VBqNQbXxKO https://t.co/cuFwsOwptB"
1124961951170408448,2019-05-05 09:00:04,"Riksadvokaten",RT @TerjeNybe: Oslo statsadvokatembeter er nå på Twitter. https://t.co/209a7qyHfH
1125305657299746816,2019-05-06 07:45:50,"Riksadvokaten",Tilråding om digital samhandling og digitale aktorat: https://t.co/q9V3Agvefu @Domstoladm @Advokatforening @Politidir  #påtalemyndigheten #digitalisering #utvikling
1125395770981613568,2019-05-06 13:43:55,"Riksadvokaten",Fagmøte om #voldtekt hos ⁦@mittOmbud⁩ med blant annet  Phd ⁦@annebitsch⁩ om doktoravhandlingen «Voldtektens geografi» og ⁦@Justisdep⁩ som presenterte Handlingsplanen mot voldtekt 2019-2022. #påtalemyndigheten https://t.co/FEhOqNRry9
1125994889395748865,2019-05-08 05:24:36,"Riksadvokaten","#påtalemøte Troms og Finnmark i Tromsø: riksadvokatens time om #kvalitetsrundskrivet og kontaktforbud med #omvendtvoldsalarm. Andre tema er bl a menneskehandel, brannskader og DNA. #påtalemyndigheten #fagledelse https://t.co/ZotYUIV4WA"
1128194456920969216,2019-05-14 07:04:54,"Riksadvokaten","#påtalemøte Hedmark og Oppland: etiske retningslinjer, #kvalitetsrundskrivet og kontaktforbud med #omvendtvoldsalarm. Blant annet. #påtalemyndigheten #fagledelse https://t.co/AYfSVUrQ1Z"
1128566353709928448,2019-05-15 07:42:41,"Riksadvokaten",Riksadvokaten presiserer i brev til #statsadvokatene at saker vedr #hatefulleytringer skal prioriteres og at det i behandlingen av slike saker må sondres mellom stater og folkegrupper: https://t.co/x40iLcnwIS #påtalemyndigheten
1128944381879312391,2019-05-16 08:44:50,"Riksadvokaten","Grunnlovseminar i regi av ⁦@NIM_Norge⁩ og ⁦@JUSiOslo⁩, m bl a diskusjon m ass riksadvokat mfl om praktiske erfaringer m dagens #menneskerettigheter. #påtalemyndigheten  https://t.co/g7joLG9Jhq https://t.co/msBgnbDLfK"
1130376425826082816,2019-05-20 07:35:15,"Riksadvokaten",Riksadvokaten vil ha økt bruk av omvendt voldsalarm: - Stadig bedre tekniske løsninger og de foreliggende erfaringer tilsier at arbeidet med å få idømt slik straff overfor flere personer må intensiveres betydelig. Se nytt rundskriv her: https://t.co/HErw0eQyCo #påtalemyndigheten
1130755467620306944,2019-05-21 08:41:26,"Riksadvokaten","Vi snakker om politiets #etterforskingsplikt v plutselig barnedød, ⁦@Kripos_NCIS⁩ om hva som skjer i politisporet på ⁦@Oslounivsykehus⁩ sitt kurs i pediatrisk #rettsmedisin. #påtalemyndigheten #barnsrettsvern https://t.co/aO2ieCDWKa"
1132889614807719936,2019-05-27 06:01:46,"Riksadvokaten",Ledig stilling som kontorsjef v Rogaland #statsadvokatembeter ; https://t.co/6FxfoYgpVr …  #stillingledig #påtalemyndigheten
1136250473755942912,2019-06-05 12:36:38,"Riksadvokaten","Riksadvokat gj 22 år, Tor-Aksel Busch, åpner sitt siste #statsadvokatmøte, der bl.a. prof Kolflaath v ⁦@UiB⁩ foredrar om vitenskapeliggjøringen av #etterforskingsfaget.  #påtalemyndigheten #fagledelse https://t.co/vjtei26Y4j"
1136595425849462784,2019-06-06 11:27:21,"Riksadvokaten","#statsadvokatmøtet: Imponerende #restansearbeid av @politivest, pres av @Idamoys og #påtaleleder Gunnar Fløystad, - og m takk til #statsadvokatembetet for godt samarbeid/ #fagledelse. #påtalemyndigheten #politiet  #rettssikkerhet https://t.co/xuMrICWrXn"
1136914819909656578,2019-06-07 08:36:30,"Riksadvokaten","#statsadvokatmøtet: tidl tyrkisk dommer med bakgrunn også fra #påtalemyndigheten, som lever i eksil, ga et sterkt vitnesbyrd om sit i hjemlandet og om domfellelser og fengslinger av mer enn 4000 dommere og repr for påtalemyndigheten. #rettstat #rettssikkerhet"
1138764376528367618,2019-06-12 11:05:59,"Riksadvokaten",Riksadvokaten har besluttet sentralisert etterforsking av bl.a. #hatkrim mot én gruppe ungdomspolitikere : https://t.co/NhVpqwefh0 #påtalemyndigheten
1139051902962929665,2019-06-13 06:08:30,"Riksadvokaten","Påtalemøte i Rogaland, m bl a etterforsking av #nettovergrep og avgrensing/tilskjæring av straffesaker på programmet. #påtalemyndigheten https://t.co/I9kFZmN0id"
1139527884366929921,2019-06-14 13:39:53,"Riksadvokaten","Vi er svært fornøyd med at straffelovrådet er reetablert, og at assisterende riksadvokat Knut Erik Sæther er medlem. Vi ønsker lykke til med viktig arbeid! https://t.co/4Dj2KtcLyO #påtalemyndigheten"
1142010016473538560,2019-06-21 10:03:00,"Riksadvokaten",Ved Det juridiske fakultet @UiB er det ledig ei mellombels stilling som stipendiat innan fagfeltet politirett og påtalerett. Søknadsfrist 15.august.  https://t.co/xF8zq8h0JB … #påtalemyndigheten
1159800344169320449,2019-08-09 12:15:24,"Riksadvokaten",Embetet som riksadvokat er utlyst: https://t.co/6FxfoYgpVr #påtalemyndigheten
1161143376235941889,2019-08-13 05:12:08,"Riksadvokaten",Riksadvokaten på Torp spesial @arendalsuka i morgen: https://t.co/j9pQZsq8Va #påtalemyndigheten #arendalsuka
1164493497883340800,2019-08-22 11:04:19,"Riksadvokaten",RT @Justisdep: På nett-TV kl 12:30 i dag:  @Nforsk presenterer sin evaluering av de nye straffereaksjonene #ungdomsstraff og #ungdomsoppføl…
1165180562275000320,2019-08-24 08:34:28,"Riksadvokaten",Velkommen til oss! https://t.co/G57XQKMGs7
1166288224354013184,2019-08-27 09:55:55,"Riksadvokaten","Riksadvokaten har gjennomført inspeksjon ved Økokrim, les rapporten her: https://t.co/wYJshe0LkR #påtalemyndigheten #fagledelse"
1166690458296340480,2019-08-28 12:34:15,"Riksadvokaten",Nordisk riksadvokatmøte i Helsingfors. Tema er bl a utvikl innen seksuallovbrudd og hjemvendte IS-krigere. https://t.co/uIoXkon3dq ⁦@aklagareSE⁩  ⁦@Rigsadvokaten⁩  https://t.co/Gt0gDFO9EN #påtalemyndigheten https://t.co/9tbbDZWJft
1166965464477683712,2019-08-29 06:47:02,"Riksadvokaten",Etter avsløring av feil i teledata i Danmark: Riksadvokaten pålegger identifisering av alle verserende norske straffesaker hvor det er innhentet slik informasjon fra Danmark. https://t.co/CTHX9UVrQB
1168434068754771968,2019-09-02 08:02:45,"Riksadvokaten","Hordaland, Sogn og Fjordane statsadvokatembeter arrangerer i dag fagdag om #filleristing av spedbarn (abusive head trauma/ shaken baby) ⁦@politivest⁩ ⁦⁩  #barnsrettsvern #påtalemyndigheten https://t.co/jzfd3TWGKT"
1169127075292352512,2019-09-04 05:56:30,"Riksadvokaten",Riksadvokaten er tildelt Rettssikkerhetsprisen https://t.co/iQ6GGitro9 #påtalemyndigheten
1170941246833123328,2019-09-09 06:05:22,"Riksadvokaten",Riksadvokaten med nasjonal instruks om samarbeid med forvaltningsorganer i straffesaker: https://t.co/AdhVfnUTA3 #påtalemyndigheten
1172386503294480390,2019-09-13 05:48:18,"Riksadvokaten",#stillingledig som kontorsjef ved Agder statsadvokatembeter https://t.co/6FxfoXYOwR Søknadsfrist 18.sept. #påtalemyndigheten
1172418603863269377,2019-09-13 07:55:52,"Riksadvokaten",Påtalemøte i Agder. Hovedtema er påtaleetikk/etiske retningslinjer og kvalitetsrundskrivet  https://t.co/dAqZEBbTWk #påtalemyndigheten https://t.co/ahhLJyDVs5
1173913096462770177,2019-09-17 10:54:27,"Riksadvokaten","Assisterende riksadvokat Knut Erik Sæther på Nasjonal etterforskingskonferanse. Om forventninger til #kvalitet, kvalitetsmarkører og hvordan operasjonalisere objektivitetskravet. #påtalemyndigheten #fagledelse https://t.co/YXVyGGUZmw"
1174629450333478914,2019-09-19 10:20:59,"Riksadvokaten","Påtalemøte i Trøndelag, på historiske Bårdshaug herregård. Temaene er bl.a. nytt fra riksadvokaten, etiske retningslinjer og etiske dilemmaer, vurderinger av barns vitneforklaringer. #påtalemyndigheten https://t.co/5cuy4R0I6Z"
1174917680022687745,2019-09-20 05:26:18,"Riksadvokaten","#stillingledig som fyrstekonsulent ved Hordaland, Sogn og Fjordane  statsadvokatembete https://t.co/deEMPViDoj… #påtalemakta"
1176429836975398913,2019-09-24 09:35:04,"Riksadvokaten","- Viktigheten, riktigheten og lønnsomheten av å forebygge vold mot barn, fremfor å reparere i ettertid, kan vanskelig overvurderes. Statsadv Istad på @Kripos_NCIS sin rapportlansering i dag. #påtalemyndigheten https://t.co/daoBzJUeNn https://t.co/pOoKOV6VBu"
1176481805140209679,2019-09-24 13:01:34,"Riksadvokaten",Riksadvokaten med innspill til @Justisdep om mulige lovendringer med betydning for håndtering av omfattende nettovergrepssaker: https://t.co/xNw8Op5t35 #påtalemyndigheten
1176846648397447168,2019-09-25 13:11:20,"Riksadvokaten",Riksadvokat Busch på Statens  barnehus sitt jubileumsseminar: - Det viktigste jeg har arbeidet med er saker hvor barn er fornærmet. Det er de som gjør størst inntrykk. Det er de jeg husker best. Det utenkelige skjer hver dag. #påtalemyndigheten https://t.co/GXSSbDHvYz
1177526573039259649,2019-09-27 10:13:07,"Riksadvokaten","@Regjeringen vil fremme forslag til @Stortinget om å lovfeste påtalemyndighetens uavhengighet. ""Prinsipielt meget viktig og gledelig"", sier riksadvokaten.  https://t.co/orRM2jwX8C     https://t.co/VigalKUV9l  #påtalemyndigheten #rettsstat"
1178945149260484608,2019-10-01 08:10:01,"Riksadvokaten","@JUSiOslo har fra høsten 2019 etablert valgfaget #politiogpåtalerett. Det synes vi er strålende, og her har førstestatsadvokat Terje Nybøe den første forelesningen i faget. Vi ønsker studentene velkommen til #påtalemyndigheten etter hvert! https://t.co/zu4MBMlzXN"
1179711272000147456,2019-10-03 10:54:19,"Riksadvokaten",Estlands riksadvokat er vert for den 18.konferansen for riksadvokatene fra #BalticSeaStates i Tallin. Førstestatsadv Rise holdt innlegg om hvitvasking og IKT-kriminalitet. @Rigsadvokaten  @aklagareSE  @syyttajalaitos #påtalemyndigheten https://t.co/PYQLMgo654
1181164232940953600,2019-10-07 11:07:52,"Riksadvokaten","Kan vi opprettholde dagens liberale rettsstat med det kriminalitetsbildet vi ser nå? Riksadvokaten @Litteraturhuset   i morgen kveld, med Berit Reiss-Andersen, @Anne_Grosvold  og @karislaa  https://t.co/h9qDNldpou #påtalemyndigheten"
1182193358132920321,2019-10-10 07:17:15,"Riksadvokaten",Gledelig at #påtalemyndigheten sin uavhengighet får oppmerksomhet i mediene: https://t.co/prl6Z3bO2c  Forslaget. behandles i @Stortinget 17. oktober.
1182594115508330496,2019-10-11 09:49:43,"Riksadvokaten",@Regjeringen har i dag utnevnt Jørn Maurud til ny riksadvokat. Velkommen! https://t.co/RNaNbngApD #påtalemyndigheten
1184408557778886656,2019-10-16 09:59:40,"Riksadvokaten",- Det første jeg vil dvele ved er påtalemyndighetens uavhengighet. Riksadv Busch foredrar ifm overrekkelsen av ⁦@Juristforbundet⁩ sin #Rettssikkerhetspris 2019. https://t.co/iQ6GGitro9. #påtalemyndigheten https://t.co/3fYZuIStti
1184419876645097472,2019-10-16 10:44:38,"Riksadvokaten",RT @TrondEirikSchea: Rettssikkerhetsprisen til ⁦@Riksadvokaten⁩ Tor-Aksel Busch. Tjenestegjort med (ikke under) 17 justisministre: «Reell f…
1184436134287495168,2019-10-16 11:49:14,"Riksadvokaten",Avtroppende riksadvokat Tor-Aksel Busch på NRK2s #torp  i kveld https://t.co/yfLYzU2Qjg #påtalemyndigheten
1185101309030158336,2019-10-18 07:52:24,"Riksadvokaten",#stillingledig som embetsleder ved @statsadvoslo  https://t.co/6FxfoYgpVr  #påtalemyndigheten
1185606129512058880,2019-10-19 17:18:23,"Riksadvokaten",Riksadvokat Busch er Dagsrevyens lørdagsgjest https://t.co/rJC8Hz5V44 #påtalemyndigheten
1187364973061779457,2019-10-24 13:47:24,"Riksadvokaten",RT @Politidir: Riksadvokat Tor-Aksel Busch er tildelt politiets høyeste hedersutmerkelse for særdeles tjenestefull innsats. @Riksadvokaten…
1189562571076112392,2019-10-30 15:19:52,"Riksadvokaten",NAV-saken: Riksadvokaten pålegger statsadvokatene og politiet en rekke tiltak for å rette opp feilen. https://t.co/RvmIGyZIAt #påtalemyndigheten
1189932580990312449,2019-10-31 15:50:09,"Riksadvokaten",Avtroppende riksadvokat Tor-Aksel Busch får festskrift ⁦⁦@Gyldendal_no⁩  og gode ord. Vi vil savne deg. #påtalemyndigheten https://t.co/bj9gLXG0Qn
1190312035189481472,2019-11-01 16:57:58,"Riksadvokaten",RT @NIM_Norge: I dag trådte en viktig endring i straffeprosessloven i kraft. Loven slår nå fast at påtalemyndigheten er uavhengig ved behan…
1192110433638977539,2019-11-06 16:04:10,"Riksadvokaten","RT @TrondEirikSchea: Gode refleksjoner fra @Riksadvokaten , @Politidir , adv Reiss-Andersen og Fougner, @Skattenmin , @miljodir , @ThorZm ,…"
1194948125028302848,2019-11-14 12:00:08,"Riksadvokaten",Politioverbetjent ⁦@Kripos_NCIS⁩  og master i int politi - og påtalesamarbeid ⁦⁦@marenelinek⁩ foreleser om nettopp dette i ⁦@JUSiOslo⁩ sitt nye fag #politiogpåtalerett https://t.co/AcxBeVsNtM #påtalemyndigheten https://t.co/XVmJaRI4sI
1200041494834556929,2019-11-28 13:19:22,"Riksadvokaten",Statsadv Istad ⁦⁦@Fengselsbetjent⁩ sin fagsamling om forvaring: #omvendtvoldsalarm kan komb m forvaring og skal vurderes i familievoldssakene for å bidra til å sikre fornærmede v dømtes permisjon eller prøveløslatelse. #påtalemyndigheten https://t.co/q00GoL2zaG
1200355563386888192,2019-11-29 10:07:22,"Riksadvokaten",Ny dom fra @hoyesterett_no tydeliggjør straffansvaret for passiv medvirkning til mishandl av barn: stefar idømt tre års fengsel bl a for ikke å ha skaffet helsehjelp i tide til et barn som døde som følge av vold fra mor  https://t.co/1u7OrGeLC9
1201481695888846849,2019-12-02 12:42:13,"Riksadvokaten",Riksadvokaten har gitt si høyringsfråsegn til @Justisdep til rapport om saksflyt i saker som gjeld overgrep mot barn. https://t.co/g4RDwdFRAd  #påtalemakta
1201766698648580096,2019-12-03 07:34:43,"Riksadvokaten",RT @PHSbib: Morten Holmboe (PHS) har sammen med Kjartan Leer-Salvesen (Høgskulen i Volda) og Solveig Karin Bø Vatnar (Høgskolen i Molde/Osl…
1202963492803940354,2019-12-06 14:50:21,"Riksadvokaten",NAV-saken: Setteriksadvokaten gir ytterligere presiseringer og retningslinjer for politidistriktene og statsadvokatenes videre håndtering av sakene. https://t.co/5ulcxc34hB
1204736556881330176,2019-12-11 12:15:52,"Riksadvokaten","Ledig embete som sjef for @Kripos_NCIS , som bl.a. etterforsker saker og rapporterer til Det nasjonale statsadvokatembetet (NAST) og @Riksadvokaten i påtalesporet. https://t.co/P2M2rxs4qC  #påtalemyndigheten @Politidir"
1208034180577275904,2019-12-20 14:39:27,"Riksadvokaten",Endring i straffeprosessloven § 310 gjør at påtalemyndigheten fra 1. januar ikke lenger behøver å sette frist for forsvarers støtteskriv.  https://t.co/j5aKSSxUtz #påtalemyndigheten
1211990297690947584,2019-12-31 12:39:39,"Riksadvokaten",Et godt nytt år ønskes alle. https://t.co/RiCoUOLPoh
1214095207089741826,2020-01-06 08:03:48,"Riksadvokaten","Ledig embete som #statsadvokat ved Vestfold, Telemark og Buskerud statsadvokatembeter, søknadsfrist 10. januar: https://t.co/6FxfoYgpVr  #påtalemyndigheten"
1214846905940881408,2020-01-08 09:50:47,"Riksadvokaten",Riksadvokaten har gitt sitt høringssvar om forslag til NOU 2019: 13 Når krisen inntreffer: https://t.co/dAYhTCuI54 #påtalemyndigheten
1215204932518846464,2020-01-09 09:33:27,"Riksadvokaten",Riksadvokaten om gjenåpning av straffesaker knyttet til straffrihetsbestemmelsen i flyktningkonvensjonen artikkel 31: https://t.co/B510v9XnE3  #påtalemyndigheten
1215275926231093248,2020-01-09 14:15:34,"Riksadvokaten",Tidl riksadvokat Busch med brev til @Stortinget sin Kontroll- og konstitusjonskomité vedr spørsmål om domfelt i NAV-komplekset i dagens NAV-høring https://t.co/qcWIN8B7e4  #påtalemyndigheten
1216678163784355845,2020-01-13 11:07:33,"Riksadvokaten",Riksadvokaten gir sentrale føringar for statsadvokatane si fagleiing av politiet for 2020: https://t.co/x8XkxI7EGl  #påtalemyndigheten
1216681744839122944,2020-01-13 11:21:47,"Riksadvokaten","RT @okokrim: Hva er korrupsjon? Det var spørsmålet Supernytt, NRKs daglige nyhetssendingen for barn mellom åtte og 12 år, hadde til kst. ØK…"
1217035581357772802,2020-01-14 10:47:48,"Riksadvokaten",RT @Juristforbundet: Dommere i tingrett og lagmannsrett bør ta en mer aktiv rolle under saksforberedelse av «særlig omfattende straffesaker…
1217356583396683776,2020-01-15 08:03:21,"Riksadvokaten",Ledige stillinger som arkivar @Riksadvokaten og som konsulent ved @statsadvoslo :     https://t.co/6FxfoYgpVr Søknadsfrister hhvis 2. februar og 31. januar. #påtalemyndigheten
1219607710095806465,2020-01-21 13:08:31,"Riksadvokaten",Riksadvokaten etter møte med vegdirektøren om CrashCube: https://t.co/1XHEtubNSo  #påtalemyndigheten
1219876134223011840,2020-01-22 06:55:09,"Riksadvokaten",Ved Rogaland statsadvokatembeter er det ledig en konstitusjon som #statsadvokat med snarlig tiltredelse og med varighet til 31. desember 2020. Søknadsfrist 31. januar: https://t.co/6FxfoYgpVr #påtalemyndigheten #stillingledig
1219993251366821890,2020-01-22 14:40:32,"Riksadvokaten",RT @TerjeNybe: Til alle mine påtale -og politifølgere! Og alle dere andre; her er det virkelig mye bra og nyttig! https://t.co/quR5L0Uerm
1220329700125564929,2020-01-23 12:57:27,"Riksadvokaten",Riksadvokaten slutter seg til rapport om effektivisering av domstolsbehandlingen av straffesaker:  https://t.co/VJjQExP0HH #påtalemyndigheten
1220638361641156608,2020-01-24 09:23:58,"Riksadvokaten",Riksadvokaten har gitt enkelte nye føringer for hvordan #påtalemyndigheten skal forholde seg til mulig feilinformasjon i trafikkdata innhentet fra Danmark: https://t.co/trMTDOi2DS
1222510206778859521,2020-01-29 13:22:01,"Riksadvokaten",NAV-saken: riksadvokaten svarer Carl I Hagen:  https://t.co/DMES4xKTyp #påtalemyndigheten
1222810655805362177,2020-01-30 09:15:53,"Riksadvokaten",Henleggelse av sak om frihetsberøvelse i Syria opprettholdt av riksadvokaten - kravet om dobbel straffbarhet ikke oppfylt: https://t.co/iYjzkpMx90  Ref brev fra riksadvokaten til @Justisdep april 2018 om strl. § 5  #påtalemyndigheten
1226054846530424832,2020-02-08 08:07:09,"Riksadvokaten",Ny utgave av bok om strafferett: https://t.co/nebje9i8Kt @Gyldendal_no #påtalemyndigheten
1227922849647689728,2020-02-13 11:49:55,"Riksadvokaten",Ved Hedmark og Oppland statsadvokatembeter er det ledig to konstitusjoner som #statsadvokat med søknadsfrist 4. mars:  https://t.co/6FxfoYgpVr #ledigstilling #påtalemyndigheten
1227963899032543232,2020-02-13 14:33:02,"Riksadvokaten",Jens Olav Sæther konstituert som sjef for Spesialenheten: https://t.co/7ThMizXm0o #påtalemyndigheten
1228651714267447297,2020-02-15 12:06:10,"Riksadvokaten",Lars Erik Alfheim ny embetsleder ved ⁦@statsadvoslo⁩. Velkommen! #påtalemyndigheten  https://t.co/5tfm2sl8WH
1230054426553077760,2020-02-19 09:00:03,"Riksadvokaten",Riksadvokatens prioriteringer for straffesaksbehandlingen i 2020: https://t.co/lf3uPvyyEB #påtalemyndigheten
1231880907579101184,2020-02-24 09:57:50,"Riksadvokaten",Fast embete som statsadvokat og en konstitusjon som førstestatsadvokat ved @Riksadvokaten : https://t.co/6FxfoYgpVr  søknadsfrist 6.mars. #ledigstilling #påtalemyndigheten
1233303262155149316,2020-02-28 08:09:46,"Riksadvokaten","Faglunsj: statsadv. Hartmann og politiadv. Hanssen m tankevekkende og gode erfaringer m #nettovergrep -sak m 487 seksuelle overgrep bevisført på 14 rettsdager. Læring for @Politidir , #påtalemyndighet og @Domstoladm https://t.co/tf6qYmlfMT"
1234389878667907072,2020-03-02 08:07:35,"Riksadvokaten","Spesialenheten skal gj sitt arbeid bidra til å bygge tillit til at samfunnet behandler alle anklager mot politi- og #påtalemyndighet med alvor og grundighet. Nå søkes ny leder, søknadsfrist er 9. mars: https://t.co/GMgPYxcN3y"
1234822633688064000,2020-03-03 12:47:12,"Riksadvokaten","Statsadv Istad om utforming av tiltaler som gjelder psykisk vold, på ⁦nasjonalt fagseminar om #voldinærerelasjoner ⁦@Kripos_NCIS⁩ . #påtalemyndigheten ⁦@Politidir⁩ https://t.co/F4Gxw6thzW"
1235146050475896832,2020-03-04 10:12:20,"Riksadvokaten",⁦@Kripos_NCIS -seminar dag 2:⁩ F.statsadv Thue og Prebe ⁦@statsadvoslo⁩ om målrettet etterforsking i saker om #voldinærerelasjoner : for lange avhør? ⁦@Politidir⁩  #påtalemyndigheten https://t.co/XY90MUc6Ij
1236911272328863744,2020-03-09 07:06:42,"Riksadvokaten",#ledigstilling : konst som statsadvokat ved Trøndelag statsadvokatembeter. Søknadsfrist 13. mars. #påtalemyndigheten  https://t.co/2nelX0Ozvd
1237282782893793280,2020-03-10 07:42:57,"Riksadvokaten",Embeter som statsadvokat og førstestatsadvokat @statsadvoslo med søknadsfrist 13. mars: https://t.co/HTQ9zhPimq #ledigstilling #påtalemyndigheten
1237630858506448897,2020-03-11 06:46:05,"Riksadvokaten","Riksadvokaten og @Advokatforening inv til åpent, gratis seminar 29. april på @Litteraturhuset i Oslo. Tema: kommende forslag fra Straffelovrådet om å kriminalisere deltakelse i kriminelle gjenger. Velkommen! https://t.co/bDlRK7Ecq5  #påtalemyndighet"
1238073761993314305,2020-03-12 12:06:01,"Riksadvokaten",Seminaret er avlyst pga koronaviruset. https://t.co/yvXJMSkpn9
1238363381029056512,2020-03-13 07:16:52,"Riksadvokaten",Ledig embete som statsadvokat i @okokrim : https://t.co/GtymYAiUX6  #ledigstilling #påtalemyndigheten
1238500591246151682,2020-03-13 16:22:05,"Riksadvokaten",Riksadvokaten om brudd på smittevernlovgivningen: vil bli tatt på største alvor : https://t.co/mos0atlcKr #påtalemyndigheten
1239570667508502534,2020-03-16 15:14:11,"Riksadvokaten","Pålegg til politi og #påtalemyndighet vedr brudd på smittevernloven. Normalstraffenivå: bøter på ca. kr 20.000. Vi oppfordrer til medmenneskelighet og til å følge helsemyndighetenes råd, slik at det blir minst mulig bruk av straff. https://t.co/QAoKE6CAxV"
1240188993565794307,2020-03-18 08:11:12,"Riksadvokaten",Ledig stilling som IKT-konsulent og vikariat som konsulent (sentralbord) ved Riksadvokatembetet: https://t.co/6FxfoYgpVr  #ledigstilling #påtalemyndigheten
1241080333333913601,2020-03-20 19:13:04,"Riksadvokaten",Riksadvokaten med oppdaterte retningslinjer for håndheving av de ulike smittevernforskriftene https://t.co/Zv4eeKHB6Q  #påtalemyndigheten #koronaNorge
1241099926026715140,2020-03-20 20:30:55,"Riksadvokaten",Riksadvokaten og politidirektøren om korona-lovbrudd: Nå må samfunnets strengeste virkemiddel tas i bruk | Jørn Sigurd Maurud og Benedicte Bjørnland https://t.co/r6NwXd6wUg
1242084299270172672,2020-03-23 13:42:28,"Riksadvokaten","Saksmengda har auka, restansane gått ned, antall rettsdagar nesten tilsvarande rekordåret 2016, og mykje tid er brukt til fagleiing av politiet: Les årsrapporten for Den høgare #påtalemakta her: https://t.co/qXym42hXaS"
1242360719993159681,2020-03-24 08:00:52,"Riksadvokaten",Riksadvokaten oppsummerer resultatene for politiets straffesaksbehandling i 2019: https://t.co/mVpd49CGde #påtalemyndigheten
1242747774988402689,2020-03-25 09:38:53,"Riksadvokaten","Konstitusjon som statsadvokat ved Nordland statsadvokatembeter, søknadsfrist 1. april. https://t.co/CTWFtzFUxn #ledigstilling #påtalemyndigheten"
1244639349972570113,2020-03-30 14:55:19,"Riksadvokaten",Riksadvokaten gir i brev i dag midlertidige direktiver for straffesaksbehandlingen i den pågående pandemisituasjonen: https://t.co/dcPujrI5K1 #påtalemyndigheten #koronaNorge
1246044974627594240,2020-04-03 12:00:47,"Riksadvokaten","Gratulerer til @kkvigne som ny sjef for @Kripos_NCIS, som bl.a. etterforsker saker og rapporterer til Det nasjonale statsadvokatembetet (NAST) og  @Riksadvokaten i påtalesporet. #påtalemyndigheten https://t.co/ID0cidG39b"
1246318062283833344,2020-04-04 06:05:56,"Riksadvokaten",Riksadvokaten har oppdatert de midlertidige direktivene for straffesaksbehandlingen: https://t.co/kkYUJHfYFq    #koronaNorge #påtalemyndigheten
1247514805981806592,2020-04-07 13:21:22,"Riksadvokaten",Riksadvokaten utvider påbudet om stans i bruk av alle dataverktøy fra Statens vegvesen: https://t.co/Lpn6TGNyfb #påtalemyndigheten
1250316231757795329,2020-04-15 06:53:14,"Riksadvokaten",#ledigstilling som sjef for @okokrim - som rapporterer til  @Riksadvokaten mht straffesaksbehandlingen:  https://t.co/nLDn92Jz2J Søknadsfrist 27. april. #påtalemyndigheten #politiet
1253264385281331200,2020-04-23 10:08:08,"Riksadvokaten",RT @konfliktradet: Konfliktrådene åpner for fysiske meklingsmøter i noen saker.  https://t.co/UgzFPJTV9k #konflikt #mekling Også verdt å me…
1257950590543499265,2020-05-06 08:29:27,"Riksadvokaten",Endringer i behandlingen av utleveringssaker etter avgjørelse i @EUCourtPress : https://t.co/vYr9dVMl7N #påtalemyndigheten
1258304202390061056,2020-05-07 07:54:34,"Riksadvokaten",Gledelig. https://t.co/LP4GwLUR2h #påtalemyndigheten
1258356858676535296,2020-05-07 11:23:48,"Riksadvokaten",Førstestatsadvokat @TerjeNybe utnevnt til ny leder for Spesialenheten for politisaker :  https://t.co/oMTMc99Ont @Justisdep  #påtalemyndigheten
1260546292108926976,2020-05-13 12:23:50,"Riksadvokaten","To konstitusjoner som statsadvokat ved Hordaland, Sogn og Fjordane statsadvokatembeter. Søknadsfrist 25. mai. https://t.co/6FxfoYgpVr #påtalemyndigheten #ledigstilling"
1265927511059451909,2020-05-28 08:46:53,"Riksadvokaten",Riksadvokat Jørn Maurud er portrettert i dagens utgave av Kapital: - Nivået på en straff må stå i forhold til den skaden den forvolder  (...) og må balanseres mlm å virke avskrekkende samtidig som den gjør nytte: https://t.co/yFLVy69Zng #påtalemyndigheten
1266025354516467712,2020-05-28 15:15:40,"Riksadvokaten",Gratulerer! https://t.co/nj3sMqvWQw
1268108588700119042,2020-06-03 09:13:42,"Riksadvokaten","Velkommen til ny sjef for @Kripos_NCIS, som bl.a. etterforsker saker og rapporterer til Det nasjonale statsadvokatembetet (NAST) og @Riksadvokaten i påtalesporet. #påtalemyndigheten https://t.co/1zbhmBfCrV"
1268428995898548225,2020-06-04 06:26:53,"Riksadvokaten","Midl direktiver for straffesaksbehandlingen på grunn av pandemisituasjonen forlenges til 1. oktober 2020, og erstatter tidligere direktiver: https://t.co/GaNKQbggiJ  #påtalemyndigheten #KoronaNorge"
1268780718253056000,2020-06-05 05:44:30,"Riksadvokaten","Internasjonaliseringa gjer samarb mellom statar naudsynt i stadig fleire straffesaker. Ny bok m ei praktisk tilnærming til temaet er ""Internasjonalt strafferettslig samarbeid"" av f.statsadv Grøstad @Riksadvokaten : https://t.co/HH4jmYMlk4  #påtalemyndigheten"
1268870128634126342,2020-06-05 11:39:47,"Riksadvokaten",Nasjonal straffesaksinstruks er revidert  https://t.co/UpHCc3C6ra  #påtalemyndigheten  #politiet
1269887198121385984,2020-06-08 07:01:16,"Riksadvokaten",Riksadvokatens høringssvar om rusreformutvalgets innstilling NOU 2019:26 – Fra straff til hjelp https://t.co/kUMBbEvpeO #påtalemyndigheten @helse_og_omsorg
1270620096935985152,2020-06-10 07:33:32,"Riksadvokaten","50 prosent fast stilling som konsulent ved Rogaland statsdvokatembeter er ledig, søknadsfrist 30 juni: https://t.co/6FxfoYgpVr  #ledigstilling #påtalemyndigheten"
1270961760393203714,2020-06-11 06:11:11,"Riksadvokaten",Kvalitetsundersøkinga 2020: kvaliteten på etterforsking og påtalearbeid i valdtektssaker er blitt betre : https://t.co/alyYn8QVgu #påtalemakta #politiet
1271495348608012288,2020-06-12 17:31:29,"Riksadvokaten",Velkommen til ny leder for @okokrim  https://t.co/Gv0K0AzVV9  #påtalemyndigheten
1272506152438333446,2020-06-15 12:28:03,"Riksadvokaten",Riksadvokaten om endringer i havne- og farvannsloven: https://t.co/jazkAgEHjG #påtalemyndigheten
1275039129290620933,2020-06-22 12:13:12,"Riksadvokaten",RT @okokrim: Nytt eksemplar av @okokrim fagblad Miljøkrim er nå ute. I denne utgaven kan du blant annet lese intervju med riksadvokatJørn S…
1277585935622955010,2020-06-29 12:53:18,"Riksadvokaten",@okokrim med bidrag til viktig rettsavklaring i  @hoyesterett_no . Dommen har stor betydning for den allmenne ferdsel i strandsonen #miljøkrim #påtalemyndigheten https://t.co/f9DhWkVuOJ
1277887593775017984,2020-06-30 08:51:59,"Riksadvokaten","Fast embete som statsadvokat og ein eller fleire konstitusjonar som statsadvokat ved Vestfold, Telemark og Buskerud statsadvokatembete:  https://t.co/ZUrNhPG3F1  #ledigstilling  #påtalemakta"
1278308835170693121,2020-07-01 12:45:50,"Riksadvokaten",NAV-sakene: endrede direktiver https://t.co/ItkYs9UD3q #påtalemyndigheten
1278562251000164353,2020-07-02 05:32:49,"Riksadvokaten",Riksadvokatens brev om fartsovertredelser til sjøs: ny forskrift i havneloven  https://t.co/cEYjPjRaU2 #påtalemyndigheten @Kystverket
1285211463574061058,2020-07-20 13:54:25,"Riksadvokaten",RT @JUSiOslo: 10 august tar vi i mot nye studenter på høstkullet for master i rettsvitenskap. Velkommen! https://t.co/feoerVKgdn
1286758428334071808,2020-07-24 20:21:30,"Riksadvokaten","RT @Eurojust: Missed our President's interview in @Diplomagazine; read it (again) here 👉 https://t.co/Cvntkqnni6  ""From individual to joint…"
1290990463776894976,2020-08-05 12:38:06,"Riksadvokaten",NAV-saken: Riksadvokaten tar granskingsutvalgets rapport til etterretning. Vi slutter oss til rapportens hovedfunn som gjelder #påtalemyndigheten og vil følge opp læringspunktene. https://t.co/FR6k0x2H72        https://t.co/dcQo1HaPok
1293176544299569153,2020-08-11 13:24:48,"Riksadvokaten","Interessert i spennende oppgaver ifm IKT-satsing i #påtalemyndigheten, bl a innen digital straffesaksbehandling? Se ledig stilling som IKT-seniorrådgiver @Riksadvokaten. Fire dager til søknadsfristen går ut. . https://t.co/UEcANVnB6U"
1298208694484840448,2020-08-25 10:40:46,"Riksadvokaten",Nordisk riksadvokatmøte - i år på skype. @Rigsadvokaten  @aklagareSE @syyttajalaitos    https://t.co/J3XMAr2DGB.   #påtalemyndigheten https://t.co/PN3ixtPZM3
1301491021700890627,2020-09-03 12:03:34,"Riksadvokaten",Gratulerer! https://t.co/ftG7zIJnG9
1301739904578322432,2020-09-04 04:32:33,"Riksadvokaten","Lykke til som ny sambandsstatsadvokat @Eurojust , Jo Christian Jordet. Og takk for innsatsen og velkommen hjem, Hilde Stoltenberg! #påtalemyndigheten https://t.co/FNRfjyLHZJ"
1301795373413957633,2020-09-04 08:12:57,"Riksadvokaten",- Vi har hele tiden vært bevisst på å ivareta grunnleggende rettssikkerhetstradisjoner midt oppe i dette. @Riksadvokaten om håndteringen av koronapandemien:   https://t.co/u3oCBTftyM #KoronaNorge #påtalemyndigheten
1303618181546860545,2020-09-09 08:56:09,"Riksadvokaten","Nytt studium @Politihogskolen om inndragning: https://t.co/Cy5XOpOJCr , se omtale her:   https://t.co/YLNocRCeTj   #påtalemyndigheten"
1304050933916217344,2020-09-10 13:35:45,"Riksadvokaten","RT @Eurojust: It all started in 1999. Get to know Eurojust, its missions and achievements, from its early days until today in our factsheet…"
1306127486636490753,2020-09-16 07:07:14,"Riksadvokaten","Fint forklart om #påtalemyndigheten : organisering, oppgaver, opplæring av @Politijuristene .  (Se for øvrig  https://t.co/hDtDOiDDLS ) https://t.co/5tnwy4JB8T"
1306878996001497090,2020-09-18 08:53:27,"Riksadvokaten",RT @JuridikaUF: Straffelovrådet har kommet med ny utredning. Rådets hovedkonklusjon er at dagens regelverk i hovedsak har tilstrekkelige hj…
1307980639862509569,2020-09-21 09:51:00,"Riksadvokaten",Midlertidige direktiver for straffesaksbehandlingen er oppdatert  https://t.co/VMLrMswdQl   #KoronaNorge #påtalemyndigheten
1309005291976118272,2020-09-24 05:42:36,"Riksadvokaten",Riksadvokaten på NRK Nyhetsmorgen om #voldtektssaker:  - statsadv følger opp mht etterforskingskvalitet. https://t.co/alyYn8QVgu      Se også @statsadvoslo : https://t.co/n2Qu4NlMiF
1310915785154494469,2020-09-29 12:14:13,"Riksadvokaten",Riksadvokaten om @okokrim - sjefens inhabilitet: https://t.co/ZcQo7QfoQl  #påtalemyndigheten
1313413135609389056,2020-10-06 09:37:48,"Riksadvokaten",Riksadvokaten med føringar for statsadvokatane si fagleiing  av politiet i 2021: https://t.co/cWnElr2MpG  #påtalemakta
1313793615840370689,2020-10-07 10:49:41,"Riksadvokaten","En meget gledelig satsing, som om den blir vedtatt åpner for en langsiktig styrking av statsadvokatenes fagledelse https://t.co/nQEWOAk32T  #påtalemyndigheten"
