125933997183352832,2011-10-17 13:59:39,"Utrykningspol",Unge menn står for nesten hver fjerde dødsulykke i trafikken. Se NRK1 Brennpunkt tirsdag kl 21.30. http://t.co/rzoUvsvZ
126209778509807616,2011-10-18 08:15:30,"Utrykningspol",2009-2010 utgjorde gruppen 16-24 år 28 % av de drepte og skadde i trafikken. Se Brennpunkt på NRK1 i kveld kl 21.30
126607272171405312,2011-10-19 10:35:00,"Utrykningspol",#Utrykningspolitiet vil vite hvilke tiltak du mener skal til for å få ned ungdomsulykkene. Delta i diskusjonen på http://t.co/hVGwKUnn
131295284188823552,2011-11-01 09:03:29,"Utrykningspol",Foreløpige tall fra UP viser at 15 personer omkom på veiene i oktober. Antall omkomne kan bli laveste siden 50-tallet. http://t.co/9CizwzBR
131317888844963842,2011-11-01 10:33:19,"Utrykningspol",@EllenKatrineH Takker for tipset - vi lager egen sak på facebook om tiltaket dere er med på.
132489213852659712,2011-11-04 16:07:44,"Utrykningspol",Utrykningspolitiet vil bistå Oslo politidistrikt med 5 uniformerte patruljer i helgen i anledning økningen av overfallsvoldtekter
133887517320683520,2011-11-08 12:44:06,"Utrykningspol",Up-sjefen var på møte i kontaktutvalget for trafikksikkerhet idag. 40 færre drepte hittil i år sammenlignet med 2010. Strålende resultat!
134310828068438016,2011-11-09 16:46:11,"Utrykningspol",UP vil også kommende helg bistå Oslo politidistrikt med flere patruljer i sentrum.
136863822630760449,2011-11-16 17:50:52,"Utrykningspol",Up-sjefen samler påtalemyndigheten fra alle politidistrikt i STAVERN til uka for å sikre likhet for loven i trafikklovbrudd.
137073901749547008,2011-11-17 07:45:39,"Utrykningspol",UPs facebooksider er besøkt over 11 millioner ganger siden januar. 10 brukere samles i STAVERN lørdag.
137875683870384128,2011-11-19 12:51:39,"Utrykningspol",UP har besøk av 10 fb venner/ kritikere. Hvordan kan UP bli bedre på #SoMe og hva kan vi lære av hverandre ? Nå demonstrasjon av laser.
138546369689432064,2011-11-21 09:16:43,"Utrykningspol",Lørdag hadde UP besøk av 9 kritiske venner som bruker UP sin facebook side. En lærerik og nyttig dag for oss. http://t.co/RE6CylSa
138551429244792832,2011-11-21 09:36:49,"Utrykningspol","Ved siden av twitter er UP også på facebook. NRK har bommet litt på overskriften, det er på facebook tallene er høye. http://t.co/4A487tIa"
138604228343103489,2011-11-21 13:06:37,"Utrykningspol",Politiadvokater fra 25 politidistrikt er nå samlet til nettverksmøte hos UP i STAVERN. Riksadvokatembete og justisdep tilstede.
138614663628861440,2011-11-21 13:48:05,"Utrykningspol","@patrikf @oysteinsp YouTube-konto har vi, den er ikke aktiv enda. Videoer må inngå i en helhet og ikke som underholdning. Jobber med saken."
139009159554273280,2011-11-22 15:55:40,"Utrykningspol",Up sjefen deltar på parole i UP distrikt 2 på SAS radison på Beitostølen i dag. God politiinnsats med red ulykkestall.
140091929282084864,2011-11-25 15:38:13,"Utrykningspol",UP-sjefen gratulerer med utnevnelsen av Torbjørn aas som politimester i øst-Finnmark. Vi ser frem til godt samarbeid.
141492658878160896,2011-11-29 12:24:13,"Utrykningspol",Onsdag og torsdag deltar UP- sjefen på distriktsparolen i Trondheim som er den siste til DL Bjørn wold
142145199861280768,2011-12-01 07:37:11,"Utrykningspol",158 drept på norske veier pr 1.desember mot 194 i samme periode i 2010. Sterk politiinnsats er noe av forklaringen sier UP-sjefen
142145886020042752,2011-12-01 07:39:54,"Utrykningspol",158 drept på norske veier hittil i år mot 194 i samme periode i 2010. Sterk politiinnsats er noe av forklaringen sier UP-sjefen
142999220398456832,2011-12-03 16:10:45,"Utrykningspol",I et intervu med NRK Dagsnytt fredag morgen svarte UP-sjefen på spørsmål om at hurtigtest for narkotika og med blir forsinket.
143784175340748800,2011-12-05 20:09:53,"Utrykningspol",Torsdag 8. Desember er UP vertskap for HAMU i STAVERN. UP-sjefen vil bla gi en generell orientering om UP.
144012801084624896,2011-12-06 11:18:22,"Utrykningspol","En av tre omkomne MC-førere kjørte uten førerkort, var ruspåvirket eller kjørte i svært høy fart. http://t.co/8JnFgX0B"
145918854235815936,2011-12-11 17:32:20,"Utrykningspol",UP ruskontrollerer ca 2500 bilførere hver dag. I uke 50 vil alle politidistrikt ha ekstra fokus på ruskontroller. http://t.co/FHhCL63j
147680422992683008,2011-12-16 14:12:11,"Utrykningspol",Denne julen vil familiene til minst 163 omkomne i trafikken få en jul de aldri kan klare å glemme.  http://t.co/MByHd6Pt
149794202555916288,2011-12-22 10:11:35,"Utrykningspol",UP har beslaglagt 800 færre førerkort i år enn i fjor.Det er nedgang i antall drepte i trafikken. Er det en sammenheng? http://t.co/2pFrtvfV
152447066554118144,2011-12-29 17:53:07,"Utrykningspol",Up-sjefen uttalte på NRK østafjells idag at aggressiv kjøring av vogntog og buss kan skyldes hard konkurranse i transportbransjen.
154291828940746752,2012-01-03 20:03:33,"Utrykningspol",UP-sjefen og distriktsleder i Troms og Finnmark  representerer UP i begravelsen til politimester Truls Fyhn i Tromsø i morgen kl 13.
155633855238389760,2012-01-07 12:56:17,"Utrykningspol",Mandag tar UP imot 84 nye medarbeidere i STAVERN. Etter gjennomgått trafikkurs skal de ut på veien for å supplere resten av styrken.
156345344660213760,2012-01-09 12:03:29,"Utrykningspol",RT @GeirMarthinsen: @Utrykningspol sjef Runar Karlsen ønsker nye medarbeidere velkommen til tjeneste på vei under samling i Stavern. htt ...
156774279424376832,2012-01-10 16:27:55,"Utrykningspol",I 2010 var det 190 dødsulykker i Norge. I 111 av disse ulykkene var manglende førerdyktighet en medvirkende faktor. http://t.co/ssFVHpBh
157200822336356352,2012-01-11 20:42:51,"Utrykningspol",Trafikkurset går mot slutten og Om få dager starter 84 nye tjenestemenn- og kvinner med høy kompetanse viktig polititjeneste på vei for UP.
157417518053605376,2012-01-12 11:03:55,"Utrykningspol","@AndersBayer Vi driver PR etter retningslinjene vi får fra POD. I år er det to grunnkurs,ett rep.kurs og deltagelse i øvelse Tyr."
157771599733469184,2012-01-13 10:30:55,"Utrykningspol",UP-sjefen er svært fornøyd med innsatsen på veiene i 2011. Les mer på pressemeldingen som legges ut i dag eller på fb. http://t.co/gDFKBoCI
159289530753617920,2012-01-17 15:02:38,"Utrykningspol",Ledig fast stilling som distriktsleder i UP-distrikt 02. Søknadsfrist 3. februar 2012. Les hele utlysningen her:  http://t.co/sO8X3q3a
161479904209285120,2012-01-23 16:06:23,"Utrykningspol",UP- sjefen uttaler seg på NRK-nyhetene i kveld om årsak og tiltak i anledning utenlandske tungbiler som forårsaker kaos på norsk vinterføre.
164704700564910080,2012-02-01 13:40:35,"Utrykningspol","Skal du være sjåfør for russen? Kjenner du ansvaret du har som sjåfør, eller hvis du er med på å leie inn sjåfører?  http://t.co/LyOVFkK6"
164735166890254339,2012-02-01 15:41:39,"Utrykningspol",Som første land i verden er det idag innført lave faste lovbruddsgrenser for ulovlig kjøring med narkotika- og medikament rus.
166458654038568961,2012-02-06 09:50:10,"Utrykningspol","Personer tatt for grove hastighetsovertredelser og ruspåvirket kjøring, er i stor grad kjent av politiet på forhånd! http://t.co/d8I0siAJ"
166607482783936513,2012-02-06 19:41:33,"Utrykningspol",Den nye studien som UP presenterte idag dokumenterer at 91 prosent av førere som kjører av seg førerkortet pga grove fartslovbrudd er menn!
168359203113664513,2012-02-11 15:42:16,"Utrykningspol","Natt til idag stanset en sivil UP enhet bil på E-18 i Vestfold150 kmt/fører mist rus, uten førerkort. Samt narkbeslag i bil sier UP-sjefen."
170105737534652416,2012-02-16 11:22:22,"Utrykningspol","Har du førerkort på prøve og blir tatt med lavpromille, vil du nå miste førerkortet! http://t.co/tCPC7FLm"
170498054166810624,2012-02-17 13:21:18,"Utrykningspol","UP ønsker å komme i kontakt med deg som har mistet noen i trafikken, eller du har opplevd noe som har gjort noe med deg http://t.co/Ld82KCTk"
172661200423895040,2012-02-23 12:36:52,"Utrykningspol","UP overvåker vinterferietrafikken! Se veiledning for trafikk på østlandet- øst og nord for Oslo,samt Rogaland og Agder http://t.co/4JIksW4Z"
179220964515647489,2012-03-12 15:03:02,"Utrykningspol",Denne uken starter UP å bruke automatisk nummergjenkjenning for fullt. Se innslag på NRK Dagsrevyen kl 19.00 med UP-sjef Runar Karlsen.
179910279121993728,2012-03-14 12:42:07,"Utrykningspol","UP-sjefen deltar denne uken på nordisk politisamarbeidsmøte i Helsinki Finland. Tema,Ny lovgivning, bruk av metoder i Road policing (plus)"
182495655263092736,2012-03-21 15:55:29,"Utrykningspol",UP er godt representert på årets kriminaletterretningsmøte på Gardermoen i regi av Kripos og Riksadvokaten idag og imorgen
190803180886564864,2012-04-13 14:06:37,"Utrykningspol",Etter vår-samlingen i STAVERN denne uka er våre dyktige  MC-førere klar til viktig innsats på veiene. Lykke til!
192946474575872001,2012-04-19 12:03:18,"Utrykningspol",46 % av de som omkom i bil i 2010 brukte ikke bilbelte. Hvordan få alle til å bruke bilbelte? Bli med på diskusjonen. http://t.co/9s7nTcyV
195436278869790720,2012-04-26 08:56:54,"Utrykningspol","Utrykningspolitiet har ledig stilling som politioverbetjenten med ansvar for materiell, samband og logistikk i UP. http://t.co/xPscbLIN"
195550665588740096,2012-04-26 16:31:26,"Utrykningspol",@joakimfj Takk for hyggelig tilbakemelding. Vi trenger tips fra publikum for å trygge veiene. Ring politiet der du er på tlf 02800
197239314558631937,2012-05-01 08:21:31,"Utrykningspol",Få et innblikk i hvordan UP jobber på en trafikkontroll.  http://t.co/CsWy0G2Y @austagderblad #utrykningspolitiet
200245978618535940,2012-05-09 15:28:56,"Utrykningspol",Godt samarbeid mellom UP og Hordaland politidistrikt førte til pågripelse av Mob vinningskriminell og bla stort narkotikabeslag sist helg.
202789884497375234,2012-05-16 15:57:30,"Utrykningspol","UP er svært godt fornøyd med at Asker og Bærum pd idag oppklarte påsatt brann i UP-bil, parkert utenfor Drammen i nov 2011. Super innsats!"
205294843663089665,2012-05-23 13:51:19,"Utrykningspol",Utrykningspolitiet søker nye medarbeidere til polititjeneste på vei. Søknadsfrist 31.august 2012. http://t.co/ugB3ybAP
205649474243145728,2012-05-24 13:20:30,"Utrykningspol",30 av 150 patruljer parkert som følge av streiken. Det betyr at  vår kapasitet på veiene er redusert med ca 1/5.
207443581038891008,2012-05-29 12:09:39,"Utrykningspol",Utrykningspolitiet 75 år. UP-sjef Runar Karlsen ønsker velkommen til jubileumskonferanse i Stavern. http://t.co/M4h9ZbZ0
210308540315869184,2012-06-06 09:53:58,"Utrykningspol","UP er 75 år (1937-2012), og vi legger ut bilder på fb fra ""gamledager"". Dagens bilde er tatt 14.juni 1938 på Elverum.  http://t.co/3xfcoWhb"
211008179528671232,2012-06-08 08:14:05,"Utrykningspol",UP legger ut gamle bilder på fb. I dag fra bilkontroll 25.august 1938 i Arendal.  http://t.co/GeMfrGUj
212439079827156992,2012-06-12 06:59:58,"Utrykningspol","Utrykningspolitiet har en Volvo PV 544 (B18) med 1,8 liters motor (90hk) fra 1962. Se presentasjon av bilen. http://t.co/2ImufrFa"
213173710193033216,2012-06-14 07:39:07,"Utrykningspol",Her er flere bilder i forbindelse med at UP er 75 år. Bildene finner du her: http://t.co/usKoU1Cf      http://t.co/T9kSIFz0
213564294435057664,2012-06-15 09:31:10,"Utrykningspol",Hvilke sommerminner vi du ha? Vi går nå inn i en periode av året med flest alvorlige trafikkulykker. http://t.co/WOFn2p9F
215901677637730304,2012-06-21 20:19:05,"Utrykningspol","Sjefen for Utrykningspolitiet, Runar Karlsen, besøker God Morgen Norge på TV2 fredag etter kl 08.00."
218273002087915520,2012-06-28 09:21:53,"Utrykningspol",Hvilke sommerminner vil du ha ? - del 2. http://t.co/Ul8lc5tp
230688086105931776,2012-08-01 15:35:00,"Utrykningspol",Utrykningspolitiet har i dag fått overlevert den første politibilen med den nye uniformeringen. http://t.co/pyxVVupp
231382295611858944,2012-08-03 13:33:32,"Utrykningspol",Les om prisen politiet fikk for beste design i 1991 og se endringen i uniformeringen på UP sine biler gjennom 75 år. http://t.co/sreW5pWd
236839656891752450,2012-08-18 14:59:09,"Utrykningspol",Kjører du for fort med henger? Da kan du miste førerkortet. Les mer på UP sine facebooksider: http://t.co/Npc8c0H5
238222268038258688,2012-08-22 10:33:09,"Utrykningspol",Lar du barnet ditt kjøre ulovlig med ATV - da kan du straffes med bøter eller fengsel i 1 år. UP orienterer om reglene. http://t.co/tZpX42MM
238904129081200640,2012-08-24 07:42:37,"Utrykningspol","@LastNetwork Hei, du må ikke ha konto på fb for å lese våre artikler der. Mye av det vi skriver legges også ut på http://t.co/dB5iAzHr"
238905262117888002,2012-08-24 07:47:07,"Utrykningspol","@apbordi Hei, siden UP er med i internasjonale forum skriver vi navnet vårt på engelsk også. Vi har flere fra utlandet som følger oss."
238910541232472064,2012-08-24 08:08:06,"Utrykningspol","@LastNetwork Vi prøvde via nettleser på pc /mac uten problemer, men ser at det skjer via mobil. Kanskje noen har forslag på løsning?"
253235804099444736,2012-10-02 20:51:35,"Utrykningspol",Politidirektøren åpnet for fremskutt lagring av våpen i Utrykningspolitiets biler i et intervju med nrk Dagsrevyen nå i kveld .
276411876852785153,2012-12-05 19:45:01,"Utrykningspol",Torsdag 6.desember starter en ruskontrolluke i hele Europa hvor så mange sjåfører som mulig skal testes for rus. http://t.co/hqQ7pk2E
278064953968185344,2012-12-10 09:13:45,"Utrykningspol","Snøen laver ned i deler av landet.Husk å skrape rutene,men glem heller ikke å fjerne snø og is fra bilens tak og panser.http://t.co/nTf4Q2Je"
286023692427862017,2013-01-01 08:18:56,"Utrykningspol",2012 var det første året siden 1939 med 0 trafikkdrepte i Finnmark. UP takker trafikantene for samspill i trafikken. http://t.co/1Qy93iUD
308278687088918528,2013-03-03 18:12:21,"Utrykningspol","Takk for den gode omtalen av Leon, Geir. En viktig årsak til at Leon og UP i vest har lykkes, er det gode samarbeidet med deg og Pd !"
311471740914110466,2013-03-12 13:40:24,"Utrykningspol",Denne uken gjennomfører politiet i hele Europa en bilbelteaksjon. Bruk bilbelte. Alltid! http://t.co/BdIZUmz0Ir
313924718497525760,2013-03-19 08:07:39,"Utrykningspol",Fremskutt lagring av våpen i Utrykningspolitiets kjøretøy fra mandag 18.mars Formålet er å styrke hverdagsberedskapen.http://t.co/jCz7A4pMCg
321170542789025792,2013-04-08 07:59:59,"Utrykningspol",Høy hastighet i Oslofjordtunnelen - feil i medieoppslag. Spesialenheten for politisaker har kommet med en presisering http://t.co/0dlOyWWhrp
331499349341241345,2013-05-06 20:02:58,"Utrykningspol",De 9 UP-distriktene kan nå tvitre meldinger fra eget distrikt på denne konto. Avsluttes med eks D9 som er Troms og Finnmark. @GeirMarthinsen
331501559210995713,2013-05-06 20:11:45,"Utrykningspol",E8 i Troms er en strekning med hyppig kontrollaktivitet. Likevel er det hyppige førerkortbeslag på strekningen. Dagen idag ingen unntak. D9.
332047423771926528,2013-05-08 08:20:49,"Utrykningspol",Registrerer dessverre at mange som har fått sitt førerkort beslaglagt fortsetter bak rattet. Trolig langt flere en det vi avslører. D9
332054530416074753,2013-05-08 08:49:03,"Utrykningspol",Avslører stadig flere rusførere på veiene i nord. Bidra til å hindre ruskjøring du og. D9 @GeirMarthinsen
332055472582557696,2013-05-08 08:52:48,"Utrykningspol","@MSglol Vi er 9 UP-distrikt, og distrikt 9 er Troms og Finnmark."
332409006503100417,2013-05-09 08:17:37,"Utrykningspol","I de nærmeste ukenen kommer vi i Troms og Finnmark til å ha noe økt fokus på ulovlig bruk av mobiltlf ""bak rattet"". D9 #trafikksikkerhet"
332542932987035648,2013-05-09 17:09:48,"Utrykningspol",Er du i tvil om hvor stor henger du kan trekke? Sjekk Statens Vegvesen sin tilhengerkalkulator. @GeirMarthinsen http://t.co/KLiBCJbhFG
332583144966479873,2013-05-09 19:49:35,"Utrykningspol","@daghb Nede på siden finner du ""Les også"" - gå inn på begrepsavklaringer og sjekk menyen til venstre som vil gi svar."
332820491033247745,2013-05-10 11:32:43,"Utrykningspol",RT @GeirMarthinsen: Fin dag for trafikksikkerhetsarbeid i nord. Gjør dagen lett for oss i godværet - kjør rusfri og følg fartsgrensene. Avt…
333548464891904000,2013-05-12 11:45:25,"Utrykningspol","Hektisk helg for UP-distr 9. Førerkortbeslag for fart og rus, mange FF for fart, samt mange pågripelser og narkbeslag. @GeirMarthinsen"
334385339949002752,2013-05-14 19:10:52,"Utrykningspol",Up-distrikt 9 med mange kontr i Troms og Finnmark idag. Mange overtredelser - #fart #mobil #belte. Gledelig - ingen fk-beslag så langt. :-)
334908447659286528,2013-05-16 05:49:30,"Utrykningspol",@Sigurd_H Dersom grunnlag for å benytte tåkelys - foran og bak kan benyttes. Bak SKAL kunne slås av uavhengig av foran - blending/behov.
334954816998617090,2013-05-16 08:53:46,"Utrykningspol","Norsk regelverk harmonerer ikke med EU på dette området. Vegdir er kjent med det. UP kan ikke gi ""fullmakt"", men d er lov med sunn fornuft."
335129384564449280,2013-05-16 20:27:26,"Utrykningspol","@Sigurd_H Takk for hyggelig melding. Vi prøver å bidra til trygge veier. Rus, fart adferd og verneutstyr er vårt fokus. UP-distrikt 9."
335819711956799490,2013-05-18 18:10:33,"Utrykningspol",Ryktet om at UP har tatt fri i pinsen er ikke til å stole på. Vi er på jobb for å bidra til en trygg vei og ferdes på. #trafikksikkerhet
336937078904467457,2013-05-21 20:10:34,"Utrykningspol",Reg at flere i Troms og Finnmark fortsatt kjører med piggdekk. Tiden er overmoden for skifte. D9
337108728153272320,2013-05-22 07:32:38,"Utrykningspol","FF m/prikker kan sammenlignes med gult kort, og både i trafikken og på fotballbanen kan det ende opp med ""utvisning"". #trafikksikkerhet D9"
337309224256274432,2013-05-22 20:49:20,"Utrykningspol","En vanlig onsdag i Troms og Finnmark: Flere førerkortbeslag - fart, rus og adferd. Det blir for enkelt å skylde på d gode været. #holdninger"
337535604642439168,2013-05-23 11:48:53,"Utrykningspol",@timvalio_ Takk for tips. Vi skal få til kontroll jfr ønske.
337783944349093889,2013-05-24 04:15:42,"Utrykningspol","Nok en fin dag i nord, og det betyr også nye politikontroller på vei. D9"
337916860064468993,2013-05-24 13:03:52,"Utrykningspol",Ny dag og nye muligheter sier noen. Ny dag med førerkortbeslag pga rus og fart sier nå jeg. @GeirMarthinsen D9
337930907124133889,2013-05-24 13:59:41,"Utrykningspol","UP-distrikt 9, Statens Vegvesen og Toll sammen på kontroll på E8 akkurat nå. http://t.co/TAUW0nnZ4r"
340933228561051648,2013-06-01 20:49:50,"Utrykningspol",@karfi Av og til blir d foretatt dårlige valg med hensyn til tidspunkt for slik transport. Tar forbehold om d var gode grunner. D9.
341173670875656192,2013-06-02 12:45:16,"Utrykningspol",@karfi De transporter som krever tillatelse behandles av berørte politidistrikt. UP er ikke involvert.
341492406153248770,2013-06-03 09:51:48,"Utrykningspol",126000 kjøreturer hver dag i påvirket tilstand i Norge. UP og politiet i Europa har denne uken ekstra fokus på ruskontroller @TISPOLorg
341510863339016192,2013-06-03 11:05:09,"Utrykningspol",@nekenny Tallet stemmer. Eks: Hjemmefra og til butikken og hjem igjen blir 2 turer. D forklare d høye antallet. D9
342323409763569665,2013-06-05 16:53:55,"Utrykningspol","Gledelig å registrere at publium varsler politiet når de mistenker ruskjøring, og på den måten bidrar til trygge veier. #trafikksikkerhet"
342324565046853634,2013-06-05 16:58:31,"Utrykningspol",Godt vær i nord hindrer ikke enkelte i å ha det for travelt. D9 #førerkortbeslag #fart
342372674238021633,2013-06-05 20:09:41,"Utrykningspol","En solfylt dag i distrikt 9: Mange fartsovertredelser førte til FF og førerkortbeslag + noen ""kostbare"" mobilsamtaler. #trafikksikkerhet"
342517598686171137,2013-06-06 05:45:33,"Utrykningspol",Det blir betydelig kontrollaktivitet rundt om på veien i nord denne vakre sommerdagen. Rusfri bak rattet + god adferd er vår oppfordring.
342926254783225856,2013-06-07 08:49:25,"Utrykningspol","""Reklame"" virker? Vi meldte kontroller i nord 6.6. - både media og de veifarende fulgte  opp. Res.: Få overtredelser. PS! Ute i dag også! D9"
343988728236232704,2013-06-10 07:11:18,"Utrykningspol","Ny uke, og nye muligheter til å bidra til en trygg vei for oss alle. #trafikksikkerhet D9"
344439353193410560,2013-06-11 13:01:55,"Utrykningspol","E8: Farta kvalifiserte til førerkortbeslag, Det gjorde ikke situasjonen bedre at vedk var påvirket av rus. @GeirMarthinsen D9 #fart #rus"
345131632711307264,2013-06-13 10:52:48,"Utrykningspol",Kveld 12.6. hadde UP kontroll på E6 v/Stormoen. 31 FF for fart + 1 førerkortbeslag v/Takvatn. Tyder på at vi må dit igjen. I kveld?? D9
345159227251253248,2013-06-13 12:42:27,"Utrykningspol",@ridcet D vi gjør best er å bidra til færre ulykker med skadde og drepte. Fart og rus er satsingsområde. #trafikksikkerhet
345260366370045952,2013-06-13 19:24:20,"Utrykningspol",Flere nordpå har benyttet d gode været de siste dagene til å kjøre fra seg førerkortet. Ikke bli overrasket om vi står rundt neste sving. D9
345265300754808832,2013-06-13 19:43:57,"Utrykningspol",Stoppet en kar nordpå som ikke hadde alt i orden vedr førerkortet. Han manglet mørkekjøring. Ikke at d er et problem her nord for tiden. D9
347010948650921985,2013-06-18 15:20:31,"Utrykningspol","1 UP-patr har hatt flere kont. i Tromsø idag. 34 gebyrer for manglende bilbelte, 26 FF + 1 anm for mobilbruk og 4 FF for kjøring på rødt. D9"
347970114701885440,2013-06-21 06:51:54,"Utrykningspol",Distrikt 1 har jobbet i Sarpsborg; Kjempefangst for UP ved Vetatoppen torsdag kveld - Nyheter - Fredriksstad Blad http://t.co/nBy0d9klHO
347991338756743169,2013-06-21 08:16:15,"Utrykningspol",Utrykningspolitiet gratulerer alle de 720 avgangselevene fra Politihøgskolen med dagen. Vi gleder oss til å få dere som kolleger.
347997071581790209,2013-06-21 08:39:01,"Utrykningspol",Fokus på mob og verneutstyr i distr 9 de siste dagene forteller oss vel bare at disse kontrollene må vi fortsette med. #trafikksikkerhet
348001749837172736,2013-06-21 08:57:37,"Utrykningspol","@ArtemisOlavesen UP tok midlertidig beslag i førerkortet, men beslaget ble opphevet av lokal påtalemyndighet. De har beklaget avgjørelsen."
348351409491673088,2013-06-22 08:07:02,"Utrykningspol",Til tross for varsel om kontroller i nord - over 200 FF og gebyr så langt denne uken for bruk av mob og manglende beltebruk. D9
348445818870718464,2013-06-22 14:22:11,"Utrykningspol","Jobben i UP-distr 9 er ""rein"" lykke. Bildet er fra Kvaløya utenfor Tromsø. Har kanskje et ""horn i siden"" til UP? http://t.co/JxoKhltYUz"
349114638027325441,2013-06-24 10:39:50,"Utrykningspol",@rogersolem Det er vi helt enige i!  Kan du gi oss litt mer info så skal vi følge det opp.
349467833442381824,2013-06-25 10:03:18,"Utrykningspol","Holder du fartsgrensene med tilhenger? Maks 80 kmt med bremser, maks 60 kmt uten bremser og totaltvekt over 300 kg. http://t.co/ZZtkeQuekt"
349638365945151488,2013-06-25 21:20:57,"Utrykningspol",Videopatrulje i Østfold stanset en yrkessjåfør født i 1984 i alt for høy hastighet på E6 i Sarpsborg #utenførerkort http://t.co/DqP5GionJU
349802968889040896,2013-06-26 08:15:01,"Utrykningspol",@SpannJoel Den regelen er i hvertfall fra 1981. Kanskje lengre tilbake også uten at vi kan se endringene i våre systemer.
349890913671200770,2013-06-26 14:04:29,"Utrykningspol","Samme mann - 2 FF a kr 7800,- i løpet av 12 dg på samme sted og til samme tidspunkt. Fikk som fortjent. #fart #holdninger D9"
352218497713049600,2013-07-03 00:13:28,"Utrykningspol","God og rask saksbehandling, og det viser at høye fartsovertredelser begått av utlendinger blir tatt på alvor. D9. http://t.co/xFLoRnNJ8f"
356034517649211392,2013-07-13 12:56:58,"Utrykningspol","Spanjol - 90 i 50-sone.  Danske - 147 i 90-sone.  Ikke bare nordmenn som kjører med for høy risiko i Norge. Ekstra ""kostbar"" ferie. D9"
357440843256315904,2013-07-17 10:05:12,"Utrykningspol",Mange FF og fk-beslag på grunn av høy fart i sommer. Tror de veifarende kanskje at UP har fellesferie? Det kan i så fall avkreftes. D9
357846088830554114,2013-07-18 12:55:30,"Utrykningspol",Navnet skjemmer ingen - heller ikke regnr. Ønsker deg en fin ferie i nord. D9 http://t.co/r4xmoPHgAh
362096677269684224,2013-07-30 06:25:49,"Utrykningspol","Ikke noe galt i å være ""i hundre"". Likevel et særdeles dårlig valg når du sitter bak rattet og er i en 60-sone. #fart #risiko D9"
365364292918321152,2013-08-08 06:50:10,"Utrykningspol",UP er klar til å bistå under Arctic Race of Norway. Rittstart i Bodø idag - avsluttes i Harstad søndag. #arcticrace http://t.co/eAdpgMOnh6
365494068698021889,2013-08-08 15:25:51,"Utrykningspol","UP fornøyd med innsatsen under Arctic Race i Bodø idag. Arr vellykket, og involverte gjorde en god jobb.  Neste etappe I Svolvær i morgen."
365592402146234368,2013-08-08 21:56:36,"Utrykningspol",E18 Svartskog i Follo i dag. Samarbeidskontroll der fokus var tunge kjøretøy. Nrk dagsrevyen og UP sjefen var med. http://t.co/Y0mupcUtN7
365786996368625664,2013-08-09 10:49:50,"Utrykningspol",Tango fra Oslo Pdi klar for etappe 2 i Arctic Race. Svært hyggelig å få jobbe sammen med dem. @politietoslo http://t.co/Ti47L2D336
365910674569822209,2013-08-09 19:01:17,"Utrykningspol",@Daniel_bredesen Nei d trenger du ikke.
366435862893961216,2013-08-11 05:48:12,"Utrykningspol","Snart klar for siste etappe av @ArcticRaceofN. Det forventes god stemning i ""løypa"" som går i vakker natur - innkomst i Harstad. #folkefest"
366586508246908928,2013-08-11 15:46:49,"Utrykningspol","@ArcticRaceofN over, og oksen fra Grimstad skuffet ikke. Politiet fikk ros for sin innsats fra både TV2/syklister/arr og publikum. #fornøyd"
367655122668490752,2013-08-14 14:33:06,"Utrykningspol",Politiet stanser bruken av Oratech III hurtigtest for narkotika. Årsaken er at testene fungerer dårlig. Pressemelding http://t.co/KcF8W2SjuL
367686824451268608,2013-08-14 16:39:05,"Utrykningspol",Rakkestad i Østfold i dag. Kontroll på forskjellige steder i flott augustvær. Bilene klar til innsats. http://t.co/1MsAgeUVmv
368327887880867840,2013-08-16 11:06:26,"Utrykningspol","""From One Second to the Next"". Sterk (og lang) film om teksting og bilkjøring. D9 @GeirMarthinsen http://t.co/aNsOnuJYbB"
368332117584789504,2013-08-16 11:23:14,"Utrykningspol",Fra mandag 19.8 deltar politiet i en europeisk aksjon mot fart.Aksjonen i Norge varer i 2 uker.http://t.co/jCpyl0KOTc http://t.co/Xx1NW7vUWr
369350170992848897,2013-08-19 06:48:38,"Utrykningspol",Østfold: Rv.120 Ringvoll i går kveld. Svenske i lav høyde. Målt til 142 km i 60 sone. #risikovillig. Distrikt 1. http://t.co/s64ykNdwpH
369770716435972096,2013-08-20 10:39:43,"Utrykningspol","UP har første skoledag hatt kontroller. Skuffende resultat, 80 km/t i 50-sone og 96 km/t i 60-sone ved skole.  http://t.co/LO9JNJA2Yz"
370218827189350400,2013-08-21 16:20:21,"Utrykningspol","Borge og Trara skole i Fredrikstad. 20 forelegg mobil, 9 forelegg fart, 8 gebyr belte. 2 f.kort beslag. 80 i 50 sone http://t.co/R0ZBRpQ3Th"
370651230038925312,2013-08-22 20:58:34,"Utrykningspol","Skolevegskontroller. Jaer skole på Nesodden i dag. Mange reaksjoner,  førerkortbeslag på en kvinne i 80 årene som kjørte i 92 i 60 sone."
370852643167412224,2013-08-23 10:18:54,"Utrykningspol",Truet med anmeldelse for trakassering etter å ha fått gebyr for manglende bruk av bilbelte. Det var bare å ønske vedk en riktig god helg! D9
370983679444938752,2013-08-23 18:59:36,"Utrykningspol",Skolevegskontroller i Moss i dag. Syv forelegg for mobilbruk og tre gebyr for belte. Ikke helt ille. Ha en trygg helg http://t.co/4KnmjyOokS
372758799922499584,2013-08-28 16:33:18,"Utrykningspol",E6 Sarpsborg kl. 1750. MC fører født i 1982 målt i 190 km/t. Blir nok tråsykkel i lang tid etter førerkortbeslag. D1. http://t.co/SsDbDrUBMd
373159590168236032,2013-08-29 19:05:53,"Utrykningspol",Nok en dag med mange overtredelser nordpå. http://t.co/9QH10dlnlg
373450843401756672,2013-08-30 14:23:14,"Utrykningspol",E6 Sarpsborg i dag. Svensk Bmw med 19 årig jente målt til 175 kmt. Førerkortbeslag. Ville nok kjapt hjem til Sverige. http://t.co/7lE7Liu2FH
373463436099067904,2013-08-30 15:13:16,"Utrykningspol",Ønsker deltakerne på Birken lykke til. Ta d pent om du har hendene på ratt eller styre. #fart #helse
373471163822788609,2013-08-30 15:43:58,"Utrykningspol",RT @Regjeringen: Krav om vinterdekk og mønsterdybde for tunge kjøretøy fra vinteren 2013 http://t.co/m6uwUGZCSK
373475811325521920,2013-08-30 16:02:26,"Utrykningspol","Etter blikket å bedømme til den kvinnelige passasjeren blir FF-et på kr 4200,- som en bagatell å regne for mannen bak rattet. #fart D9"
374533011309875200,2013-09-02 14:03:23,"Utrykningspol",Rv.120 Ringvoll i Østfold. 8 førerkortbeslag og 42 forenklet forelegg. Høyeste hastighet var 97 kmt i 60 sone. D1. http://t.co/0QXj5iHon6
374941340276371457,2013-09-03 17:05:56,"Utrykningspol","Ofte hørt på kontrollsted: ""Skulle bare...."" D9"
374960872772222976,2013-09-03 18:23:33,"Utrykningspol","Utrolig, men sant. D9 http://t.co/K6C1KdM9dj"
374987989384187905,2013-09-03 20:11:18,"Utrykningspol",Da er det bare å gjennomsøke skuffer og skap. Det er tid for å ta i bruk refleks. D9 #seogblisett
375105890614931458,2013-09-04 03:59:48,"Utrykningspol",D9 = UP-distrikt 9 som er Troms og Finnmark.
375184637628133376,2013-09-04 09:12:42,"Utrykningspol",@OysteinAS - men en mulighet til å forstå/skille. Sjekk http://t.co/iZhV6gveoK og velg UP som særorgan for nærmere info om distriktene. D9
375722159362301953,2013-09-05 20:48:38,"Utrykningspol","E6 Follo i kveld. Felleskontroll med Statens vegvesen,  lokalt politi og UP. Litt av hvert å ta tak i. D1. http://t.co/ZwK9zNh6kA"
375957016574836736,2013-09-06 12:21:52,"Utrykningspol","I uke 37 vil politiet, UP, og politiet i Europa ha fokus på bruk av bilbelte og sikring av barn i bil. http://t.co/TP0K85VSsw @TISPOLorg"
376010439681126400,2013-09-06 15:54:09,"Utrykningspol",Kontroll i Tromsø idag førte til 33 beltegebyr og 11 FF for ulovlig mobilbruk. Må nok fortsette kontrollaktiviteten ser det ut til. D9
376058557168615426,2013-09-06 19:05:21,"Utrykningspol","Snittmåling i 50-sone i Finnmark på 95,41 forteller d meste. #fart #risiko D9"
377097398608490496,2013-09-09 15:53:20,"Utrykningspol",En vakker natt et sted mellom Kautokeino og Karasjok. D9 http://t.co/vp4a8SvstI
377121937878970368,2013-09-09 17:30:51,"Utrykningspol",En UP-patrulje er nå operativ fra lensmannskontoret på dette vakre stedet i Finnmark. Hvor er vi? D9 http://t.co/Lw4u6fUj9c
377123821230505984,2013-09-09 17:38:20,"Utrykningspol",@Sveander58 D stemmer.
377148824298340353,2013-09-09 19:17:41,"Utrykningspol",@wijohb D er riktig.
377334065122140160,2013-09-10 07:33:46,"Utrykningspol",I dag er det 116 år siden verdens første promillekjører ble arrestert. I Norge kjøres 130 000 kjørerturer hver dag hvor sjåføren er ruset.
377357468231536640,2013-09-10 09:06:46,"Utrykningspol",Tallet stammer fra Folkehelseinstituttet som har forsket på rus og bilkjøring. Mye å lese på FHI sine sider om dette tema.
377420811889414144,2013-09-10 13:18:28,"Utrykningspol",RT @Politidir: Politidistrikt og særorgan har sendt inn svar på høyring om Politianalysen. Les kva etaten meiner om NOU 2013:9 https://t.co…
377662689499435008,2013-09-11 05:19:36,"Utrykningspol",@LarsOttoL 130k kjøreturer - ikke personer. En og samme person kan ha flere kjøreturer.
378126883205812226,2013-09-12 12:04:08,"Utrykningspol","Tlf fra en mann som var lykkelig over at blodprøven kun viste 0,18 i promille. Aldri mer rus og bilkjøring sa han, og han ""heier"" på UP. D9."
378926931976019968,2013-09-14 17:03:15,"Utrykningspol",Om ikke DU har tenkt tanken - ¨glatta¨ er like rundt hjørnet. Sjekk at vinterdekkene holder mål - med eller uten pigg. Billig forsikring. D9
380417071295000576,2013-09-18 19:44:32,"Utrykningspol",130km/t i 70-sone er ikke bra. Ikke særlig formildende at vedk hadde fk på prøve. #risikovillig #fart D9
381503790664282112,2013-09-21 19:42:46,"Utrykningspol",E6 Østfold i kveld. Rumener tok u-sving via katastrofefelt. Det skulle han ikke gjort. Førerkortbeslag. #risikovillig http://t.co/bM2HEkNVDO
381508059954438144,2013-09-21 19:59:44,"Utrykningspol",@tobbensonstrod ved Eidetunellen.
382398166026694656,2013-09-24 06:56:42,"Utrykningspol",En noe stresset elev på 1. kjøretime ble stanset i trafikkontroll. Grunnen var at sjåførlæreren snakket i håndholdt mobil. #lasegflat D9
383505924054597632,2013-09-27 08:18:32,"Utrykningspol","Været og dekkene har ikke skylden om den første ""glatta"" gir deg utfordringer.  Spm er ikke om ""glatta"" kommer, men når! Gjør deg klar. D9."
384058026988437504,2013-09-28 20:52:23,"Utrykningspol",En mann pågrepet av UP på E6 i Follo etter at han hadde 360 liter vin og 150 liter brennevin i bilen. #ikkefestidag http://t.co/ZZN1xYERP6
389828809648001025,2013-10-14 19:03:25,"Utrykningspol",Det var ikke oss. Hadde nok med de som kjørte for fort og i rus. D9. http://t.co/cM55tQHoH0
389831775603924992,2013-10-14 19:15:12,"Utrykningspol",En hektisk lørdagskveld på E6 i Østfold. Godt samarbeid mellom UP og tollvesenet gav resultater. D1 #risikovillig http://t.co/VqSMgJBGW2
390088280571535360,2013-10-15 12:14:28,"Utrykningspol","Mange ble ""tatt på senga"" over glatte veier nordpå idag selv om værmeldingen ikke var til å ta feil av. Kanskje til neste år..... #vinter D9"
390717087951245312,2013-10-17 05:53:07,"Utrykningspol",Glatte veier nordpå er tidvis en utfordring. Vedlegget viser en utfordring vi har hele året. #rus #holdninger D9 http://t.co/Dp7WLuER8W
393496875548291072,2013-10-24 21:59:00,"Utrykningspol","Bil stakk fra Tollvesenet på Svinesund, UP fant bilen i Haldenområdet. Sjåfør borte, men 255 kg Khat lå i bilen. D1 http://t.co/TH4rhwkypt"
395569454933086208,2013-10-30 15:14:42,"Utrykningspol",@Innsatsleder Takk for hjelpa Thomas. Godt at du kunne bidra med din kompetanse. D9
396026577781551104,2013-10-31 21:31:08,"Utrykningspol",17 åring på lett mc ble førerkortløs på Fredrikstadbrua . Det er ikke her serpentintreningen skal skje. #risikovillig http://t.co/PdXWpL8fyv
398861149326049280,2013-11-08 17:14:43,"Utrykningspol","""Tungt prikkbelastet fra før."" Are i Nordlys får det sagt. D9 http://t.co/cgWwRgvMqq"
399890301969764352,2013-11-11 13:24:12,"Utrykningspol",Nye Lavangsdalen - E8 i Troms - offisielt åpnet idag. Første strekning nordpå med midtdeler. D9 #trafikksikkerhet http://t.co/DpYms7xuFq
399915866948923392,2013-11-11 15:05:47,"Utrykningspol",@JanBjerkeli Godt observert. D var innledningsvis også en markering for trafikkofre i Troms. D9
400716740143112193,2013-11-13 20:08:10,"Utrykningspol",Rusførere ute på veiene til alle døgnets tider. Onsdag ettermiddag intet unntak. :-( Bidra til trygge veier du og - #rusfribakrattet. D9.
400737726385115136,2013-11-13 21:31:34,"Utrykningspol",Polsk fører med høy promille avslørt av UP i Fredrikstad i ettermiddag. Innblandet i trafikkuhell. #rusfribakrattet http://t.co/KLHTkBQVrP
402875160325545985,2013-11-19 19:04:57,"Utrykningspol","Trist, men sant. Kjøreturen kan endre ditt og andres liv fullstendig. Bidra til en trygg vei for oss alle. D9 #trafikksikkerhet"
406151188980449280,2013-11-28 20:02:44,"Utrykningspol",Riksveg 22 i Rakkestad i dag. 22 stk kjørte for fort. Beboere stiller garasjen til disposisjon for UP. D1. #fart http://t.co/HN3uDhYrNe
407229938501423104,2013-12-01 19:29:17,"Utrykningspol","Slurver med beltebruk, og har overlast år etter år. Troverdige tips gir oss gode kort på hånden i år. D9. #snartjul http://t.co/vEndLMQrDA"
408224688331313152,2013-12-04 13:22:04,"Utrykningspol","E6 Sarpsborg i dag. Vogntog holder en avstand på 0,72 sekunder til kjøretøyet foran. Mistet førerkortet!#risikovillig http://t.co/0ZRoXs4TuI"
408626287515672576,2013-12-05 15:57:53,"Utrykningspol",UP har nå kontroll flere steder i Trondheim. Vi stanser syklister som ikke bruker lys når de sykler i mørket. http://t.co/orvlwFXlC5
411491628604325888,2013-12-13 13:43:44,"Utrykningspol","Til tross for godt annonserte ruskontroller - noen gir ""blanke"", og andre tar sjansen. D9 #rusfribakrattet"
412145111720411136,2013-12-15 09:00:26,"Utrykningspol",Fyllekjørte med scooter http://t.co/UykH3SJPr3
412269406098849792,2013-12-15 17:14:20,"Utrykningspol",Internasjonal ruskontrolluke avsluttes - flere rusførere i Troms/Finnmark avslørt. Viktig å få rusførere bort fra veien. D9 #rusfribakrattet
412333871326572545,2013-12-15 21:30:30,"Utrykningspol","E6 Svinesund i kveld. 51 tungbiler kontrollert for rus og dekk. 3 gebyr for dekkfeil, ingen på rus. Bra! D1 #rusfri http://t.co/GGNmXmzpRe"
415216442410557440,2013-12-23 20:24:48,"Utrykningspol","Om du i julen skal kjøre tur, da bør du ta ansvar og være lur. Avstå fra det som tilbys av rus, ta deg heller en julebrus! D9 #godjul"
415228371145338880,2013-12-23 21:12:12,"Utrykningspol",@mortentotre @Madsws @St_Ariez_ D9 = UP-distrikt 9 som er Troms og Finnmark.
417593072277794816,2013-12-30 09:48:41,"Utrykningspol",Tryggere veier er noe vi trenger Det ordnes ikke bare med penger Gi et løfte for året som kommer Bidra både vinter og sommer D9 #godtnyttår
419067175945900032,2014-01-03 11:26:15,"Utrykningspol","RT @pedtri: Bruk bilbelte og kjør fornuftig!!! Det er fryktelig vondt å miste noen, det kan jeg alt om. Tungt å høre om alle ulykkene. #tra…"
419581756745207808,2014-01-04 21:31:00,"Utrykningspol",Tre førere avslørt med promille under kontroll i Fredrikstad i dag. Dårlig start på det nye året! D1 #rusfri http://t.co/rT8IDxxHNl
421631272826712064,2014-01-10 13:15:03,"Utrykningspol",UP oppsummerer politiinnsatsen på veiene i 2013. Les politi.no og vår FB. UP sjef Runar Karlsen
422698789867388928,2014-01-13 11:56:59,"Utrykningspol",Sjef for Utrykningspolitiet Runar Karlsen ønsker 84 nye innbeordrede medarbeidere velkommen til UP. http://t.co/4We8LmSZeA
423514117144862720,2014-01-15 17:56:48,"Utrykningspol",Drosjesjåfør unngikk såvidt frontkollisjon under denne forbikjøringen på Rv.22 i Eidsberg i Østfold tirsdag. Fk.besl. http://t.co/vf8WpuQkAj
426722828944035841,2014-01-24 14:27:05,"Utrykningspol","UP i Agder avslørte bilfører med to falske identiteter. Ulov.opph siden 07, utvist 03, domfelt med falsk id 2012. Fengslet i dag."
427082642081988608,2014-01-25 14:16:51,"Utrykningspol",Samarbeidskontroll på Svinesund i dag med UP og toll. 5 polakker pågrepet. Beslag av sigaretter/sprit/øl. #samarbeid http://t.co/BPezdDJMpA
433952480154877952,2014-02-13 13:15:08,"Utrykningspol",Hvilken side av fartsgrensa er du på? Evaluering av Statens vegvesens og Politiets fartskampanje. Ny rapport fra TØI: http://t.co/3NAcIENklU
437943131431264257,2014-02-24 13:32:33,"Utrykningspol",Godt at lokalt politi følger opp denne saken. http://t.co/Q7NEDv89Od
438013196218417152,2014-02-24 18:10:58,"Utrykningspol",En av 10 norske menn har promillekjørt siste tre år http://t.co/U2kWTJXOD1
439185217795137536,2014-02-27 23:48:10,"Utrykningspol","Felleskontroll på Svinesund med Tollvesenet, Statens vegvesen og UP. Mange reaksjoner, også beslag av øl og vin. D1 http://t.co/JMk2tSM6ej"
440951405814489089,2014-03-04 20:46:22,"Utrykningspol",E6 Sarpsborg i ettermiddag. 19 åring i 178 km/t med tre jevngamle i bilen som var påsatt prøveskilt. D1 #risikovillig http://t.co/ad2dumVYsx
441199375810048000,2014-03-05 13:11:42,"Utrykningspol","E6 Rygge i Østfold. Videopatrulje stanset mann i 50 årene med 2,2 i promille,  fart og uten f.kort. D1 #risikovillig http://t.co/dJ0U5DKgmJ"
443127778150744064,2014-03-10 20:54:29,"Utrykningspol",Ås i Akershus i dag. Fokus på bilbeltebruk. Tre svenske politistudenter som er på utveksling følger med på innsatsen! http://t.co/cLZESRBE0B
443860057357557761,2014-03-12 21:24:18,"Utrykningspol",http://t.co/hp4LVYrqlQ
444144532742230016,2014-03-13 16:14:43,"Utrykningspol",E6 Sarpsborg i dag. 18 åring med 9 dager gammelt førerkort målt til 150 kmt. Kjørte forbi videobil på høyre side. D1. http://t.co/UUGE5yrIkF
446300427836219392,2014-03-19 15:01:28,"Utrykningspol",Nytt strategidokument fra UP.  https://t.co/vQ6lsWU4DO
446745225751695360,2014-03-20 20:28:56,"Utrykningspol","E6 Skjeberg Østfold. Avstand til bilen foran med 0,28 sek og en gj.fart på 141 kmt. Ble fotgjenger på stedet. #risiko http://t.co/JBAGstzdwF"
447874090087747585,2014-03-23 23:14:38,"Utrykningspol",Kontroll på flyplassveien Rygge i Østfold i kveld. 460 kontrollert for rus. 1 avslørt! D1 #rusfri http://t.co/uuI7u6jYQn
449838881459171328,2014-03-29 09:22:01,"Utrykningspol","Helt ok å ""være i 100"", men når du sitter bak rattet og er i en 60-sone er d uaksptabelt. D9. #risikovillig  http://t.co/xk7qpUnOB7"
451088841508945922,2014-04-01 20:08:55,"Utrykningspol",E6 Østfold i ettermiddag. 19 åring med prøvetid målt til 166 kmt i 100 sone. Hadde med 2 kamerater. D1. #risikovillig http://t.co/1YjeBKKA4v
452515609117749249,2014-04-05 18:38:23,"Utrykningspol","E6 Follo Sofiemyr. Hissig kjøring. 0,48 sek avstand til bilen foran med gj.snitt 118 kmt i 90 sone. D1 #førerkortløs http://t.co/vYwAOLaJtd"
452794912065716225,2014-04-06 13:08:14,"Utrykningspol",I helgen har vi nok engang avslørt rusførere både på og utenfor vei. Førere av snøscootere intet unntak. D9. #rusfri
453592479997394945,2014-04-08 17:57:29,"Utrykningspol",@willJens Godt spørsmål. Se http://t.co/o178fbvJda
453879088546332672,2014-04-09 12:56:22,"Utrykningspol",E6 Østfold i dag. 6 førerkortbeslag pga for kort avstand til bilen foran. Alle på tunge kjøretøy. D1 #risikovillig http://t.co/wtuKGTp0ex
453949629793861632,2014-04-09 17:36:40,"Utrykningspol",E6 Østfold i ettermiddag. Bil reg. for 2 hadde med 12 personer og 640 kg overlast. Førerkortbeslag. D1 #risikovillig http://t.co/V2BSbl0ABt
454703580931702784,2014-04-11 19:32:36,"Utrykningspol","UP D6 i Hordaland: E16, E39 og Fv7. 2 førerkortbeslag fart og 1 for kort avstand. 43 forelegg for fart, 9 for avstand og 2 for forbikjøring."
454704589649231872,2014-04-11 19:36:36,"Utrykningspol",UP D6 i Hordaland. 5 bilførere plukket ut av påsketrafikken fordi de laget kø. Gitt veiledning og ønsket god tur videre.
454712869784125440,2014-04-11 20:09:30,"Utrykningspol","E6 Follo. Påsketrafikk. Svenske på 27 år hadde 0,36 sek. avstand i 147 kmt i 90 sone. Førerkortbesl. D1 #risikovillig http://t.co/PxJTz6oiSl"
454715900886020096,2014-04-11 20:21:33,"Utrykningspol",UP D6 i Sogn og Fjordane. E39 i Norevikane. 19 forenklede forelegg for fart og 1 for kjøring i sperreområde.
455055336131809280,2014-04-12 18:50:21,"Utrykningspol",E6 Sarpsborg. 18 årig jente m/4 jevngamle pass. For kort avstand og høy hastighet gav 12 prikker og f.kort beslag. D1 http://t.co/CXeklijpWq
455295548132954112,2014-04-13 10:44:52,"Utrykningspol","Påsken rett rundt hjørnet, og UP rett rundt svingen. http://t.co/V7xe1oSUZs"
455413747709124608,2014-04-13 18:34:33,"Utrykningspol","E6 Rygge. Tidsavstand på 0,26 sek. Vogntoget målt til 117 kmt. før avstanden. Førerkortbeslag. D1 #risikovillig http://t.co/CiKYZn3BjX"
455417346447138816,2014-04-13 18:48:51,"Utrykningspol","Mercedes Sprinter m/skaphenger. Kan bare kjøre i 80 kmt og førerkortet ryker også under 0,5 sekunder i avstand til bilen foran. Ung normann."
455422954034454529,2014-04-13 19:11:08,"Utrykningspol",Til tross for annonsert tilstedeværelse på E8 - 143km/t i 90-sone. Førerkortbeslag. D9. #risikovillig
455435547805503489,2014-04-13 20:01:10,"Utrykningspol",Rumensk kassebil stanset på E6 i Østfold. Overlast på 1310 kg. Seks personer usikret. Førerkortbeslag og kjøreforbud. Kjørte fra Trondheim.
455697680480882688,2014-04-14 13:22:48,"Utrykningspol",Mange trodde nok at vi tok fri mandag etter en hektisk palmehelg. Der tok de feil. D9. #trafikksikkerhet
455734208108183552,2014-04-14 15:47:57,"Utrykningspol",Sterk fim om fart og feil i trafikken. http://t.co/ARxTe3fnrt
455734734409457664,2014-04-14 15:50:02,"Utrykningspol",Sterk film om teksting bak rattet. http://t.co/lYFcsnHgsD
456066475087134721,2014-04-15 13:48:15,"Utrykningspol","Ta gode beslutninger om du setter deg bak rattet, eller tar fjellet fatt. Begge ""turene"" kan fort endre ditt og andres liv. #godpåske"
456171645364092928,2014-04-15 20:46:10,"Utrykningspol","E6 Rygge. Avstand på 0,8 sek.og 128 kmt. Fører 20 år m/prøvetid fikk 12 prikker. Hadde 6 fra før. D1. #utenførerkort http://t.co/B2SRCsSDPS"
456448581252444160,2014-04-16 15:06:36,"Utrykningspol","Påsketrafikk. E6 Østfold. Kvinne fra Polen fikk f.kortet beslaglagt. Kjørte vogntog med tidsavstand på 0,52 sek. D1 http://t.co/i4gL33OV0w"
456515114091692032,2014-04-16 19:30:59,"Utrykningspol","Nordfjord - Rv15 Mogrenda, 50 sone, 42 fartsovertredelser, hvorav 1 førerkortbeslag. Høyeste hastighet var 84 km/t."
456515631479681025,2014-04-16 19:33:02,"Utrykningspol","Hordaland - E39 Steinareset, 80 sone. 23 fartsovertredelser hvorav 6 førerkortbeslag. Høyeste hastighet var 132 km/t."
456515986984693761,2014-04-16 19:34:27,"Utrykningspol","Hordaland - E16 Dalseiddalen, 80 sone. 27 fartsovertredelser hvorav 2 førerkortbeslag. Høyeste hastighet var 118 km/t."
456516572371517441,2014-04-16 19:36:47,"Utrykningspol",Hordaland - sivile politibiler reagerte mot 30 fartsovertredelser og 10 med for kort avstand til forankjørende. 3 førerkort beslaglagt.
456518762653417473,2014-04-16 19:45:29,"Utrykningspol","Østfold. 12 skriftlig pålegg,12 forelegg mobil, 3 gebyr belte, 1 anm/f.kort beslag for avstand til bilen foran, 1 anm for overlast.#brukbart"
456698428223782912,2014-04-17 07:39:24,"Utrykningspol",Skuffet over folks adferd. http://t.co/SoLbusufie
456701934125453312,2014-04-17 07:53:20,"Utrykningspol",...og noen er tross alt fornøyd. http://t.co/AGxiKgSPSb
456703913178464256,2014-04-17 08:01:12,"Utrykningspol","Hastighet, bilbelte, rus og adferd... http://t.co/uG67U5FppV"
457629280844140544,2014-04-19 21:18:17,"Utrykningspol",Når d gjelder trafikk skiller ikke påskeaften seg vesentlig fra andre dager. Flere FK-beslag for fart og rus. D9. #trafikksikkerhet
458302047876833280,2014-04-21 17:51:37,"Utrykningspol",Vestlandet i påsken: 390 stanset for fartsovertredelser og annen uønsket atferd. 14 førerkort beslaglagt. D6
458473625893756929,2014-04-22 05:13:25,"Utrykningspol",Påsken er over og da er d snart tid for sommerdekk. Sjekk frister og krav til dekk:  http://t.co/PM1iXjbv0b
458934030055243778,2014-04-23 11:42:54,"Utrykningspol",UP-sjef Runar Karlsen åpner årets trafikksikkerhetskonferanse i Stavern. #trafikksikkerhet http://t.co/9XUcc7I3pi http://t.co/eP4ypCSYvR
460022739068526592,2014-04-26 11:49:02,"Utrykningspol","E6 Follo. To biler under tauing. Tidsavstand 0,18 sek. Begge førerne fikk førerkortet beslaglagt. D1 #risikovillig http://t.co/AcfFljcAL0"
460107373206851584,2014-04-26 17:25:20,"Utrykningspol",@AnleggTransport Se punkt 3.7 http://t.co/E871SX6upe
460130506936696833,2014-04-26 18:57:16,"Utrykningspol",@Bergdy @Utrykningspol har ikke kommentert saken - noe som fremgår av artikkelen.
460458709177880576,2014-04-27 16:41:25,"Utrykningspol","@tobinor @AnleggTransport Avst til forankjørend gjelder ved slep. Eks: Med 5,5m tau kan du kjøre i max 20km/t for å unngå FF."
460730345235959808,2014-04-28 10:40:48,"Utrykningspol",@JPFagerhaug Politiet har ingen fullgod statistikk på d du etterspør.
460776379844677632,2014-04-28 13:43:44,"Utrykningspol","E6 Østfold. Tysk trailersjåfør 52 år holdt avstand med 0,8 sek til bilen foran. Førerkortbeslag. D1 #risikovillig. http://t.co/KH11kr8GyE"
461533278642921472,2014-04-30 15:51:23,"Utrykningspol",1 av mange som må lide pga kritikkverdig adferd i trafikken. http://t.co/weRiGh59Kg
461867770821742592,2014-05-01 14:00:32,"Utrykningspol",...mens vi venter på sommeren. D9 http://t.co/4jv57BB0Vh
461899909042806785,2014-05-01 16:08:14,"Utrykningspol",Takk til alle som har bidratt til at d pr april 2014 er null drepte i veitrafikkulykker i Troms og Finnmark. D9. #trafikksikkerhet
462612719771074560,2014-05-03 15:20:41,"Utrykningspol","E6 Østfold. Bil m/henger kan kjøre 80 kmt. Hadde 113 og 0,64 sek. avstand til bilen foran. 8 prikker og f.kort beslag http://t.co/UvbDQojQGi"
462890196951117824,2014-05-04 09:43:17,"Utrykningspol",@vegardeinan Ta kontakt med ATK senteret for svar - 71 26 68 00.
463679972679622656,2014-05-06 14:01:34,"Utrykningspol",Minner om at d hver dag kjøres ca 140 000 rusturer her i kongeriket. Kilde: @Folkehelseinst #samfunnsproblem #rusfribakrattet #taansvar
464066664439369729,2014-05-07 15:38:09,"Utrykningspol",Bidra til en trygg vei for oss alle. http://t.co/8YGUA2IJJL
467282619869429760,2014-05-16 12:37:12,"Utrykningspol","Ønsker #russ2014 lykke til med ""innspurten"". Ta vare på hverandre. #rusfribakrattet #russeknute #flottungdom D9. http://t.co/SIWWiahaj6"
467546659137028096,2014-05-17 06:06:24,"Utrykningspol",Gratulerer med dagen. Ønsker alle en fin og minnerik feiring. #HURRA
468759782070177792,2014-05-20 14:26:55,"Utrykningspol",Bli med på patrulje. Se Utrykningspolitiet direkte minutt for minutt på NRK. http://t.co/FSCncjIKBD
471230376078499840,2014-05-27 10:04:11,"Utrykningspol",@daniel_forum Over 56 km/t.
472414144944410626,2014-05-30 16:28:03,"Utrykningspol",E6 Follo. Britisk steinlegger stanset med 12800 kg totalt. Kunne kjøre med 7500 kg. Ikke gyldig f.kort. 2 pågrepet! http://t.co/QKy5ZLiacG
474139957452619777,2014-06-04 10:45:49,"Utrykningspol",Er du interessert i nødetatenes arbeid? Trafikksikkerhetsarrangement lørdag 7.6 kl. 1200 i Ski og Rygge.  https://t.co/9PM23JlO2z
475338992402305024,2014-06-07 18:10:21,"Utrykningspol","D1 Rygge og Ski. Vellykket trafikksikkerhetsarrangement i dag. Mange besøkende og spørsmål. Fokus på rus, belte, fart http://t.co/BKXCQCJZvf"
476736895750516737,2014-06-11 14:45:07,"Utrykningspol","E6 Østfold. Personbil med 0,48 sek. tidsavstand og forbikjøring til høyre. Mann i 30 årene mistet f.kortet.D1 #risiko http://t.co/hY2I0aMGbB"
477888642590183424,2014-06-14 19:01:45,"Utrykningspol",Ev134 Haukelifjell - sivile biler - 14 førerkortbeslag og 85 forenklede forelegg for fartsovertredelser. D6
482449063154311169,2014-06-27 09:03:14,"Utrykningspol",I disse VM-tider - prikker i førerkortet fungerer omtrent som gult kort. Ikke alltid d hjelper - noen fortsetter som før. #konsekvenser D9
483886460136062976,2014-07-01 08:14:56,"Utrykningspol",Ingen dødsulykker i trafikken i Troms og Østfinnmark politidistrikt 1. halvår 2014. Måtte d fortsette slik. #trafikksikkerhet  D9
486882066622324736,2014-07-09 14:38:25,"Utrykningspol","Mye pen kjøring, og mange turister på vei til dette vakre stedet i nord. Hvor er vi? #sommerinord http://t.co/7MHG1qVOyY"
486977646174433280,2014-07-09 20:58:13,"Utrykningspol",@Kokepunktet Du har selvsagt rett. Sommarøya utenfor Tromsø med Håja i bakgrunnen.
487189644266962944,2014-07-10 11:00:37,"Utrykningspol",Hvis du støtter nulltoleranse for kjøring i ruspåvirket tilstand kan du vise det med retweet og stjernemarkering. D9 #rusfribakrattet
499179583007387648,2014-08-12 13:04:21,"Utrykningspol","Ifbm. skolestart vil UP være tilstede på skoleveier, og ved skolene de nærmeste ukene, sier UP-sjef Runar Karlsen. http://t.co/C1D6huqYKa"
499663629013487618,2014-08-13 21:07:47,"Utrykningspol","@klegardvev Vi har mang en gang fått påsatt ""L"" av noen som ønskert å ha d morsomt på vår bekostning. http://t.co/k5hYjCbFUH"
499820409819521024,2014-08-14 07:30:46,"Utrykningspol","UP ble i dag gjort kjent med at en av våre sivile patruljebiler har påklistret en rød ""L"". Denne ble straks fjernet. http://t.co/qCpPP3m3Us"
499864893001326592,2014-08-14 10:27:32,"Utrykningspol",@Reddik59 UP har 116 uniformerte og 47 sivile biler. Hovedfokuset vårt er uniformert tjeneste. De har ulike arbeidsoppgaver.
499908234153832449,2014-08-14 13:19:45,"Utrykningspol","Bistår @ArcticRaceofN under årets ritt, og bildet er tatt ved utgangen av Skarvbergtunnelen på vei mot Nordkapp. D9 http://t.co/4NeMRjSsdP"
499949324437311489,2014-08-14 16:03:02,"Utrykningspol",Vellykket etappe i @ArcticRaceofN og vi er fornøyd med norsk seier. Mange opplever Nordkapp for første gang. http://t.co/bPHj0c4J4O
500196166563528704,2014-08-15 08:23:53,"Utrykningspol","Ny dag i @ArcticRaceofN - etappe Honningsvåg-Alta. Vi kan ikke garantere norsk seier, men garanterer fri vei for deltagerne 🚴og følge."
500251407707287552,2014-08-15 12:03:24,"Utrykningspol","DU må ta ansvar! Som bilist må du må kjøre forsiktig, og ta hensyn i forbindelse med skolestart. http://t.co/nUmh0GixGF"
500306842724335617,2014-08-15 15:43:41,"Utrykningspol",Da har vi som bidrar under @ArcticRaceofN fått våre lykkeønskninger på veien. D9 http://t.co/FajNYA6byd
500964586087264256,2014-08-17 11:17:19,"Utrykningspol",Klar for siste dag av @ArcticRaceofN med etappe i og rundt Tromsø. Fantastisk dag og mye publikum gjør dette til en fin opplevelse.
502421019534319616,2014-08-21 11:44:40,"Utrykningspol",Godt å ha løva tilbake på bilen. Den har vært savnet. D9 http://t.co/140LA7jBx5
507261566367313920,2014-09-03 20:19:16,"Utrykningspol",Da er tiden inne for å endevende skuffer og skap som sikkert bugner av refleks som bare venter på å bli brukt. #blisett #trafikksikkerhet D9
508887546957664257,2014-09-08 08:00:20,"Utrykningspol","I uke 37 er d ekstra kontrollaktivitet rettet mot bruk av bilbelte. La d bli rutine å sikre alle i bilen før ""avgang"". #trafikksikkerhet"
509277597629689856,2014-09-09 09:50:15,"Utrykningspol","Mange ""enøyde"" biler i trafikken. Ta en sjekk av lysene, og utbedr evt feil. Du har ansvar for både å se og bli sett. #trafikksikkerhet D9"
522819505048006657,2014-10-16 18:40:58,"Utrykningspol",Superenkel forskning (tur ut i mørket) viser at refleksens dag ikke har hatt 100% virkning. #seogblisett #brukrefleks D9
530466727042510848,2014-11-06 21:08:17,"Utrykningspol",De som planlegger julebord bør også organisere trygg transport til og fra. D9 #rusfribakrattet #trafikksikkerhet
532254530332008448,2014-11-11 19:32:23,"Utrykningspol",Rus er en betydelig utfordring i trafikken. Bidra til #trafikksikkerhet ved å si ifra. #rusfribakrattet  D9 http://t.co/TYwKqe2xuP
532529712028192768,2014-11-12 13:45:51,"Utrykningspol","Fantastisk flott dag i nord, og fin adferd på gode vinterveier i og rundt #Tromsø D9 http://t.co/reUIyEh9TI"
532964617371525120,2014-11-13 18:34:01,"Utrykningspol",Sladding gjennom lyskryss mens kompis sørget for gode videobevis - hengende ut av bilvindu. #risikovillig #tvilsomadferd #førerkortbeslag D9
533564564051595264,2014-11-15 10:17:59,"Utrykningspol",Ungdom og fart. Se mer på http://t.co/rqvcwM8Kjb https://t.co/HEjPmIwjaI
534802709032206336,2014-11-18 20:17:56,"Utrykningspol",UP-distrikt 9 støtter Movember med en skikkelig 'Trucker' -itromso.no http://t.co/D4LGpjAfoZ
535794489647185920,2014-11-21 13:58:55,"Utrykningspol",RT @tryggtrafikk: #trygtfremme? Gjensidige donerer i helgen 20 kr til Trygg Trafikks ungdomsarbeid hver gang #trygtfremme brukes. @utryknin…
537930956032995328,2014-11-27 11:28:28,"Utrykningspol","UP er stolt over å ha fått PODs kommunikasjonspris pga ""sterk og tydelig UP-sjef i alle kanaler, og UPs arbeid med sosiale medier"""
539838832561360896,2014-12-02 17:49:42,"Utrykningspol","Rusførere til alle døgnets tider. 2 nye avslørt idag, og den ene kom fra julelunch. Snart jul, men lenge til han kan kjøre igjen. D9"
545528274244632576,2014-12-18 10:37:30,"Utrykningspol","Leo Campion: ""En sjåfør er den farligste delen av en bil."" #trafikksikkerhet D9"
547653477196120065,2014-12-24 07:22:18,"Utrykningspol","Om du i julen tar deg en drink, da må du huske å være flink. Ikke sett deg bak rattet ruset, la andre bringe deg hjem til huset. #godjul D9"
550205872182661120,2014-12-31 08:24:36,"Utrykningspol","Et nyttårsløfte av høy verdi, er noe som vi alle bør gi. Om du kjører, sykler eller går, bidra til et trafikksikkert år. #godtnyttår D9"
551295273830739970,2015-01-03 08:33:30,"Utrykningspol","RT @TISPOLorg: Speed limits are set for ideal conditions, says @TISPOLorg.  Icy conditions are not ideal... so SLOW DOWN. http://t.co/nviRJ…"
554718514926600197,2015-01-12 19:16:14,"Utrykningspol","@daniel_forum Forenklet forelegg på kr 5200,- evt anm./førerkortbeslag."
557507520294817792,2015-01-20 11:58:45,"Utrykningspol","Husk å skrape vinduene, og børste av hele bilen før du kjører. http://t.co/10YCYRax86"
568841093271429120,2015-02-20 18:34:19,"Utrykningspol","@tungbil @samferdselsdep Vi har et ekstra fokus på ""tungbil"" i 2015 med tanke på rus. Målet er og både avdekke og avskrekke. D9"
569794133050699776,2015-02-23 09:41:22,"Utrykningspol","Det er vanskelige kjøreforhold mange steder. Reduser farten, øk avstanden til forankjørende, og kjør forsiktig. http://t.co/XDSqfyN9mr"
580709173584904192,2015-03-25 12:33:50,"Utrykningspol","Påsketrafikken: vis hensyn, unngå farlige forbikjøringer, hold fartsgrensene, vær rusfri, sier UP-sjef Runar Karlsen. http://t.co/kMU8SxUKH7"
581551677389553664,2015-03-27 20:21:39,"Utrykningspol",Vestlandet: 140 tatt i fartskontroller palmefredag hvorav 4 førerkortbeslag. Mange unødvendige forbikjøringer i den tette trafikken. D6
581926303101816832,2015-03-28 21:10:16,"Utrykningspol",Bergen: 400 kontrollert for rus i formiddag. Ingen reaksjoner. Sånn vil vi ha det! D6
582225965830578176,2015-03-29 17:01:02,"Utrykningspol",@iTromso Rett sted til rett tid. D9
582281630091464704,2015-03-29 20:42:13,"Utrykningspol",Palmehelga i nord: Mange FF for fartsovertr. og flere fk-beslag + pågripelser og narkbeslag. Best av alt - ingen alvorlige ulykker. D9
582936540470460417,2015-03-31 16:04:36,"Utrykningspol","En ung gutt i bilens baksete satt,  helt uten sikring - familiens skatt.  Føreren beklaget og tok selvkritikk, vedtok et FF med 2x prikk. D9"
587605471407824896,2015-04-13 13:17:16,"Utrykningspol",Politiet gjennomfører i uke 16 en særlig kontrollaktivitet rettet inn mot fart. @tispol http://t.co/ga4EjK1GlR
588324449319002112,2015-04-15 12:54:13,"Utrykningspol","RT @BedreGardsdrift: Nyt naturens gang, la traktorene komme fram! Kloke ord fra @Utrykningspol #Politiet og #StatensVegvesen @Presserom htt…"
588590312341114882,2015-04-16 06:30:40,"Utrykningspol","24 timers fartskontroll i hele Europa har startet. UP er på 143 steder, med 219 mannskaper. I tillegg vanlig  kontrollaktivitet på veiene."
598882176202100737,2015-05-14 16:06:52,"Utrykningspol",Førerkort på prøve beslaglagt pga fart og usikret barn - noe som samlet medførte 10 prikker. #trafikksikkerhet D9
599693356998987777,2015-05-16 21:50:12,"Utrykningspol","En rålekker bil i alt for høy fart Nypolert, stylet og køle svart.  Jenta bak rattet var russ av året Lappen ""berget"" - d var på håret. D9"
614087624517656576,2015-06-25 15:07:53,"Utrykningspol","Kjør pent, UP tar ikke ferie! I dag på E16 Romerike. D1 #trafikksikkerhet http://t.co/uQfwQIfMcj"
615418253008048128,2015-06-29 07:15:20,"Utrykningspol",UP har nå tatt i bruk analyseinstrumentet Dräger DrugTest 5000 for å avdekke ruspåvirket kjøring med andre stoffer enn alkohol.
615872829175803904,2015-06-30 13:21:39,"Utrykningspol",@stiangd @Casuki Ved mistanke om påvirkning av narkotika eller medikamenter må det tas blodprøve som bevis.
616951562720645120,2015-07-03 12:48:09,"Utrykningspol",@stiangd Analyseinstrumentet er ikke et bevisinstrument. Ved mistanke om påvirkning av narkotika/medikamenter må d tas blodprøve som bevis.
626481681105592320,2015-07-29 19:57:26,"Utrykningspol","Arrangør hadde varslet om løpet, og vi hadde varslet at vi ville gjennomføre kontroller. #trafikksikkerhet http://t.co/bWEf5grlD0"
631759746253484033,2015-08-13 09:30:35,"Utrykningspol",@Utrykningspol klar til å bistå under   @ArcticRaceofN 2015 - rittstart i #Harstad #Troms http://t.co/7rM22X01eC
632123819310907392,2015-08-14 09:37:17,"Utrykningspol",Ny dag og ny etappe i @ArcticRaceofN  Vi og Tango bidrar til å sikre fri og trygg vei for ryttere og støtteapparat. @oslopolitiops
632134143942463488,2015-08-14 10:18:19,"Utrykningspol",@Utrykningspol  Skolestart nærmer seg. Sjekk film fra UP på Facebook; https://t.co/8GZGrRKqVA
632496858045263872,2015-08-15 10:19:36,"Utrykningspol",Straks klar for 3. etappe av @ArcticRaceofN  Finnsnes-Senja-Målselv i et strålende vær. #2sykkel #ArcticRace http://t.co/cBqV624Olv
632521562462232576,2015-08-15 11:57:46,"Utrykningspol",Utrolig flott dag under @ArcticRaceofN gir mange flotte bilder fra Senja. #Troms http://t.co/4m2BjxYOk3
632870193719570432,2015-08-16 11:03:06,"Utrykningspol",Klar for siste etappe av @ArcticRaceofN - i og rundt Narvik. Værgudene nok engang på arrangørenes parti. #ArcticRace http://t.co/LpH2On9rKc
633205336091029505,2015-08-17 09:14:51,"Utrykningspol",@Utrykningspol  Skoleveiskontrollene i gang. Sjåfør tatt med lavpromille på vei til 1.skoledag med sitt barn. https://t.co/aQSkcYUsU1
633231510544482304,2015-08-17 10:58:51,"Utrykningspol","@Utrykningspol UP tar flere, færre omkommer på veiene. Resultater fra sommerens trafikk. https://t.co/OVyt3HiPBK"
636144365174423552,2015-08-25 11:53:30,"Utrykningspol","UP kontrollerer ikke bare biler, men hjelper også når det er nødvendig. Sjåføren rakk en viktig legetime! http://t.co/fvTLuC8JBP"
636614282193584128,2015-08-26 19:00:47,"Utrykningspol",Studenter fra @Politihogskolen i praksis ved @polititroms på #ruskontroll sammen med UP. #ilddåp #trafikksikkerhet http://t.co/CTpOXOBUmo
636932107525357568,2015-08-27 16:03:42,"Utrykningspol",Skolevegskontrollene fortsetter. En sjåfør ble stoppet ruspåvirket i Follo i dag på skoleveg. #trafikksikkerhet http://t.co/uLFTvERApp
637316185202294785,2015-08-28 17:29:53,"Utrykningspol",@saxlund hvis traktoren kan kjøre i 40 kmt eller mer har den lov å kjøre på motorveg.
637616823479980032,2015-08-29 13:24:31,"Utrykningspol",Tidlig krøkes... UP deltok på politiets dag i Tromsø. Godt oppmøte og god stemning. #trafikksikkerhet http://t.co/WAeIqvq3Hc
637623687710142465,2015-08-29 13:51:48,"Utrykningspol",Vellykket Politiets dag i Stavern. 1500 personer koste seg. https://t.co/8GZGrRKqVA http://t.co/JChYn0IdQe
639525564244717570,2015-09-03 19:49:10,"Utrykningspol",Tiden er inne for å minne om at refleks i høstmørket kan utgjøre en forskjell. Sørg for å bli sett. #trafikksikkerhet D9
640804417579655168,2015-09-07 08:30:53,"Utrykningspol",Politiet over hele Europa har kontroller med ekstra fokus på bruk av bilbelte denne uken.https://t.co/1rUwifQ8o0 http://t.co/QqSBKi3Lwt
641149093377626112,2015-09-08 07:20:30,"Utrykningspol","Bilbelte reduserer sjansen for å bli drept i en ulykke med 40-50% for fører, 25% for baksete.https://t.co/Tn1FOmzjNY http://t.co/Bzb229sMgg"
644992651067019264,2015-09-18 21:53:26,"Utrykningspol",Dräger DrugTest 5000 hjalp oss i å avsløre rusfører i Tromsø i kveld. D9 #rusfribakrattet http://t.co/ZzxvHM7RGk
646220227806556161,2015-09-22 07:11:23,"Utrykningspol","Har du et godt refleksbilde å sende oss? Som vi kan bruke bl.a. på Facebook og Twitter? Høsten har kommet, bruk refleks. post.up@politiet.no"
646974200813588480,2015-09-24 09:07:24,"Utrykningspol","Høsten nærmer seg! Bruk refleks, sjekk lys og dekk på bilen. https://t.co/G5rNpaRTgZ"
648543202463621120,2015-09-28 17:02:03,"Utrykningspol","Lars, 18 år og med ferskt førerkort. Har på belte v/kontroll. Det er en billig forsikring påstår han. Fornuftig kar. D9 #trafikksikkerhet"
649654316140249088,2015-10-01 18:37:13,"Utrykningspol",Fv. 22 ved Langholmen i Halden i kveld. Svensk pendler kjørte i 190 kmt I 80 sone. D1. #risikovillig https://t.co/agfgOJZM7r
651331617701654528,2015-10-06 09:42:13,"Utrykningspol",RT @TISPOLorg: Why has road death reduction across Europe slowed? Please include in your answer #TISPOLConf2015A #TISPOLConf2015 http://t.c…
652245055038689280,2015-10-08 22:11:53,"Utrykningspol","Felleskontroll på Svinesund med Tollvesenet,  Statens vegvesen,  og politiet i kveld. Mange ble kontrollert. D1. http://t.co/wNXOVWQYoy"
656811023140331521,2015-10-21 12:35:25,"Utrykningspol",Vådeskudd i pusserom. Ingen personer skadd. Les mer på : https://t.co/FSjPAygsdP
657091432663093248,2015-10-22 07:09:40,"Utrykningspol","15 min etter opplæring på analysemaskin for å avsløre annen rus enn alkohol i trafikken, ble første fører stanset. https://t.co/pm87C17ZF1"
658559092013867008,2015-10-26 08:21:37,"Utrykningspol",Det nytter! Antall barn (6-10 år) som omkommer i trafikkken har blitt redusert fra 38 i 1973 til 0 i 2014. https://t.co/hFUD03b3Oa
659668598504431616,2015-10-29 09:50:24,"Utrykningspol",Fikser barna skoleveien nå? På tide å ta en prat med barna om skoleveien! https://t.co/amXixuQHER
660490739797901312,2015-10-31 16:17:18,"Utrykningspol",Knask eller knep. https://t.co/2HXNyEdNE3
667415400704057344,2015-11-19 18:53:26,"Utrykningspol",Bergen: Ruskjører avslørt på første forsøk med nytt apparat. Den nye Dräger Drugtester avslørte bilfører med narkotikapåvirkning. D6
667415537018937344,2015-11-19 18:53:58,"Utrykningspol",RT @Hordalandpoliti: Åsane. Bilfører stansa og anmeldes for ruskjøring. Avdekka av UP patrulje ved hjelp av Drug Test apparat som den først…
674187731346563072,2015-12-08 11:24:15,"Utrykningspol",UP med ekstra kontrollinnsats mot rus i trafikken denne uken. Kjør rusfritt! https://t.co/LWtTNX9sK0 https://t.co/aVTtFmVyfD
674854034805825536,2015-12-10 07:31:54,"Utrykningspol",UP tilpasses til ny politidistriktsstruktur. Fra 1.1.16 reduseres antall UP-distrikter fra 9 til 5 distrikter. https://t.co/glmA4My8m4
675313281716850688,2015-12-11 13:56:47,"Utrykningspol",RT @GeirMarthinsen: @Utrykningspol Drugtester gir resultater. https://t.co/bBpJiLjZPD
675334573060988929,2015-12-11 15:21:23,"Utrykningspol",UP har gjennomført en analyse av politiets etterforsking og straffesaksbehandling av dødsulykker i trafikken. https://t.co/VP5803YAUX
679253219458052096,2015-12-22 10:52:42,"Utrykningspol","Trafikalt kinderegg. Kjørte på rødt, snakket i håndholdt mobil og uten belte. D9 #trafikksikkerhet"
679962145803644929,2015-12-24 09:49:43,"Utrykningspol","Julemat inkludert ""den lille"" gjør deg mett og gir promille Når du så tar veien fatt ikke sett deg bak et ratt God jul! D9 #rusfribakrattet"
684097684794388480,2016-01-04 19:42:52,"Utrykningspol","UP Vest oppfordrer til nyttårsforsett: ""I år skal jeg være høflig og tålmodig i trafikken"". #trafikksikkerhet"
694586263886807040,2016-02-02 18:20:44,"Utrykningspol",@oddklaudiussen får det sagt. #trafikksikkerhet  D5 Nord https://t.co/PQQPuu34Eb
700631282007482368,2016-02-19 10:41:29,"Utrykningspol","D3 Vest: Dobling i rustatte i år. Nr 61 ble tatt i går, og 31 med den nye Drugtesteren."
705468063244787714,2016-03-03 19:01:07,"Utrykningspol",Vest: Far stanset i Sogndal med usikret datter 15 mnd gml foran. Satt på kne i stol som heller ikke var festet. Fk besl. Ta vare på barna!
710434426266787840,2016-03-17 11:55:41,"Utrykningspol","UP er ute med alt tilgjengelig mannskaper, både uniformerte og sivile patruljer, i forbindelse med påsken. https://t.co/lzAdIjxeR4"
710926301595639810,2016-03-18 20:30:13,"Utrykningspol",UP Vest: Sivil patrulje kjørte like bak og filmet påkjørselen. Stor materiell skade. Førerkort beslaglagt. https://t.co/4ONahIDUHJ
711156160129339392,2016-03-19 11:43:35,"Utrykningspol",UP Vest: 97 fartsovertredelser avdekket på påskens første utfartsdag. 13 andre overtredelser. 5 førerkort beslaglagt. Ta det med ro på tur!
712713718187102208,2016-03-23 18:52:46,"Utrykningspol","UP Vest: 158 fartsovertredelser på påskens andre utfartsdag. 24 førerkortbeslag, 20 av disse i 80-sone på E39 i Rogaland. Trist resultat."
714151155148959744,2016-03-27 18:04:38,"Utrykningspol",UP Vest: samme sted som onsdag hvor 20 mistet føreretten. Reell hastighet var 175 km/t. https://t.co/gN2j1B5TDn
714512276288630785,2016-03-28 17:59:36,"Utrykningspol",UP Vest: Påskehjemfarten resulterte i 164 fartsovertredelser hvorav 8 beslag. Det ble totalt beslaglagt 58 førerkort i påsketrafikken.
714543332320493568,2016-03-28 20:03:00,"Utrykningspol",UP Nord Oppsummering påsken 2016: 395 FF - det meste fart 35 gebyrer - bilbelte 12 fk-beslag fart 2 rusførere #trafikksikkerhet #upnorth
715534540698202113,2016-03-31 13:41:43,"Utrykningspol","UP Vest: Påsken er over, men det tar ikke slutt. Kontroll i skoletiden ved barneskole og barnehage i Voss kommune. https://t.co/w7J9PjU1A9"
715544064658120710,2016-03-31 14:19:33,"Utrykningspol",UP ØST: UP-patrulje i Follo fant halv kilo amfetamin under en trafikkontroll. 1 person ble pågrepet.
718418495495671808,2016-04-08 12:41:31,"Utrykningspol","UP Vest: E16 Sundve, Voss.  5 t. fartskontr. i 50-sone ved skole. 53 fartsovertr. hvorav 2 beslag, fart på 90 og 79.  1 rus på kannabis."
719403478032977920,2016-04-11 05:55:29,"Utrykningspol",Foreløpige tall viser at flere enn hver tredje bilist som er skyld i alvorlige trafikkulykker er tidligere domfelt. https://t.co/lzAdIjxeR4
722738797750984704,2016-04-20 10:48:51,"Utrykningspol","UP gjennomfører en maratonkontroll mot farts-overtredelser over ett døgn, fra torsdag 21. til fredag 22.04. https://t.co/lzAdIjxeR4"
723095331731300352,2016-04-21 10:25:36,"Utrykningspol",Trafikkontrollene over hele landet er i gang. Følg med på https://t.co/Q1093KEjrb for oppdatering og meldinger. https://t.co/OtfEzUWUci
723383385515679744,2016-04-22 05:30:13,"Utrykningspol",UP Vest. Speed Marathon 21.4.16: 11 laserkontroller. 115 fartsovertredelser hvorav 4 førerkortbeslag. 3 mistenkt for ruskjøring.
723397774935355392,2016-04-22 06:27:24,"Utrykningspol",UP Nord Speed Marathon 21.4.16: 137 fartsovertredelser hvorav 5 førerkortbeslag. 1 mistenkt for ruskjøring. #trafikksikkerhet
723431162387943424,2016-04-22 08:40:04,"Utrykningspol",Mer politinnsats avdekker flere fartsovertredelser. Varsling reduserer fart. Resultater  fra kontrollen finner du på https://t.co/lzAdIjOPIC
725069370720919552,2016-04-26 21:09:43,"Utrykningspol","UP Nord Helgeland på sitt beste. Fantastisk dag, og fornuftige veifarende. #trafikksikkerhet https://t.co/6j0MedQU3U"
725410164925419520,2016-04-27 19:43:55,"Utrykningspol",UP Nord Bua inngår ikke i vårt tilbud til de veifarende. https://t.co/MYSaEe1pMo
727950099230404608,2016-05-04 19:56:42,"Utrykningspol","UP Vest: 2 fartskontroller på E39 i hhv Rogaland og Hordaland i dag gav nedslående resultat på 100 overtredelser, hvorav 13 førerkortbeslag."
731215329318326272,2016-05-13 20:11:34,"Utrykningspol","UP Vest: Pinseutfart, E39 Rogaland, Haugaland, Hordaland, Sogn og Fj. 110 fartsovertr. Hvorav 12 beslag. Høyeste fart 137 i 80 og 106 i 60."
732224796835106816,2016-05-16 15:02:50,"Utrykningspol",UP Øst. Pinsehjemfarten har startet og noen mister førerkortet i dag også.  Her fra Østfold med en fart på 162 kmt. https://t.co/1ggboO9aGR
733375312483000320,2016-05-19 19:14:34,"Utrykningspol","UP Nord: Kvinne kom kjørende - i håndholdt mobil snakket hun med lokalt politi viste det seg. Hastet ikke, og vedtok et FF med et smil."
741193497991086080,2016-06-10 09:01:15,"Utrykningspol","UP Vest: Ruskontroller denne uken. Sivil UP-bil stanset i uniformert UP-kontroll. Slapp ikke unna, fører måtte blåse som alle andre. Edru!"
741241299127414784,2016-06-10 12:11:11,"Utrykningspol","UP stengte E16 med ruskontroll. Over 2200 biler og sjåfører kontrollert, 7 ruskjørere tatt, https://t.co/3DvPpSrWdV https://t.co/6xO0QhCP87"
743213002946658304,2016-06-15 22:46:02,"Utrykningspol","UP Nord 62 km/t i 50-sone er ikke den verste overtredelsen, men når du som 19-åring har samlet 10 prikker får d følger. #trafikksikkerhet"
743505959142694913,2016-06-16 18:10:08,"Utrykningspol","UP Øst har gjennomført kontrollen. Her må trafikantene skjerpe seg, for vi kommer tilbake.  #trafikksikkerhet https://t.co/Zwk9d7B481"
743724933197373447,2016-06-17 08:40:16,"Utrykningspol",UP Nord Først stanset i 148km/t i 80-sone - hentet av kjæresten. 1/2 t etter ble han tatt for kjøring uten gyldig fk. 2 svært dårlige valg.
743755272825376768,2016-06-17 10:40:50,"Utrykningspol","Hold riktig fart, vær uthvilt og kjør rusfritt! UP-sjefens klare og enkle sommerbudskap. Se mer på UPs Facebookside. God sommer til alle!"
745990976120950789,2016-06-23 14:44:43,"Utrykningspol",UP Øst: fint vær gir ikke fri fart. Bilde er fra RV. 110 i Råde der høyeste ble målt til 147 km i 80 sone i dag. https://t.co/WV4Din50f5
746429624880619520,2016-06-24 19:47:45,"Utrykningspol",UP Nord  6 ukers glede av førerkort fikk en brå slutt for jente på 18 etter 141 km/t i 90-sone. #trafikksikkerhet
746430338621116416,2016-06-24 19:50:35,"Utrykningspol",UP Nord Mange fk-beslag på inngangen til helga. La oss sammen bidra til en trygg vei for oss alle. Vis god adferd. #trafikksikkerhet
747023681684127744,2016-06-26 11:08:19,"Utrykningspol",UP Øst: Kontrollene vil fortsette. #trafikksikkerhet https://t.co/U4SGoW0zX3
748585783431409664,2016-06-30 18:35:33,"Utrykningspol",UP Nord Utenlandske turister har d travelt i ferien.  Siste kom i 118km/t i 60- sone. Borte bra - hjemme best?#ferietid #trafikksikkerhet
748614539357343744,2016-06-30 20:29:49,"Utrykningspol","UP Øst. Fartskontroll på E18 ved Ørje i ettermiddag.  50 forelegg i 80 sone, ett beslag av f.kort.#trafikksikkerhet https://t.co/bdCMk2Ui90"
749659766704762880,2016-07-03 17:43:11,"Utrykningspol",UP Øst. En rask svenske stoppet etter å ha kjørt i 174 kmt i 90 sone på E18 i Eidsberg.  #risikovillig https://t.co/ujMBQJOWrP
749677677636976640,2016-07-03 18:54:21,"Utrykningspol","UP Øst. Lørdag kveld ble en mc målt til 186 kmt på E6 Kløfta i 110 sone. Stakk av, men godt arbeid gav oppklaring. https://t.co/owEy5Fvgvx"
752107503148826625,2016-07-10 11:49:36,"Utrykningspol",UP Nord: Noe ekstra innsats i Finnmark pd siste del av uke 27 førte bla til 26 fk-beslag på fart/adferd/rus #trafikksikkerhet
760409679491112960,2016-08-02 09:39:29,"Utrykningspol",Følg fartsgrensene uansett vil nå jeg si. #trafikkksikkerhet https://t.co/j7mrn6ofoq
760441270271614976,2016-08-02 11:45:01,"Utrykningspol",En dag uten dødsulykker på europeiske veier! Utopi? Kanskje ikke - hvis alle slår seg sammen om prosjektet Edward. https://t.co/M4upxyKDwm
765502275016073217,2016-08-16 10:55:39,"Utrykningspol",Gratulerer med nytt skoleår! Unge trafikanter klarer ikke å oppfatte alle trafikksituasjoner korrekt. UP kontrollerer skoleveiene ekstra nå.
765786132344897536,2016-08-17 05:43:36,"Utrykningspol",UP melder om en sommer med mer fart og rus på veiene. https://t.co/FWnaKUSuqn https://t.co/io49HOlLqv
769640963937562624,2016-08-27 21:01:19,"Utrykningspol",RT @Presserom: 4 av 10 trafikkdøde brukte ikke bilbelte https://t.co/YzpH1ZTKoB (via @nrkno)
778947230396973056,2016-09-22 13:21:06,"Utrykningspol","UP Nord: På tide å sjekke om vinterdekkene tilfredsstiller kravene. ""Glatta"" er like rundt hjørnet. #trafikksikkerhet #vinterdekk"
778948016208224256,2016-09-22 13:24:13,"Utrykningspol","UP Nord: Mange ""enøyde"" biler i trafikken. Sjekk lysene, og utbedr evt feil. Du har ansvar for både å se og bli sett. #trafikksikkerhet"
778948572280655873,2016-09-22 13:26:26,"Utrykningspol",UP Nord: Tiden er inne for å endevende skuffer og skap som sikkert bugner av refleks som bare venter på å bli brukt. #trafikksikkerhet
780289364735692800,2016-09-26 06:14:16,"Utrykningspol",UP Vest: Bra res. fra ruskontr. på E39 nord for Eikåstunnelen. Søndag kl 0015-0215 ble all trafikk stanset. 316 blåste alkometer. 0 utslag.
780736671088308224,2016-09-27 11:51:42,"Utrykningspol","UP Øst: Innsats i Hedmark fra 23.9 til 25.9 gav følgende resultater: 30 førerkortbeslag og 290 forenklede forelegg, alt på fart. #trafikk"
782912528158425088,2016-10-03 11:57:47,"Utrykningspol",Stortingsmelding om trafikksikkerhet. Trafikkdød må bekjempes med kunnskap og kontroll. https://t.co/ICLFnOyBtB https://t.co/jlT0eZESuV
783259373267193856,2016-10-04 10:56:01,"Utrykningspol",Intelligent hastighetskontroll på alle nye biler fra 2022? Sagt på TISPOL-konferanse. https://t.co/bedqsBEGBA #TSIPOLconf2016 #TISPOLorg
785176971831541760,2016-10-09 17:55:52,"Utrykningspol",UP Nord: Ei helg med mange fk beslag - bla som følge av hastigheter opp mot dobbelt av det lovlige. #risikovillig #uakseptabelt
786666897622372352,2016-10-13 20:36:18,"Utrykningspol","UP Nord: Trist, men sant. Mange ""enøyde"" biler i trafikken nå i mørket. DU har ansvar for både å se og bli sett. #trafikksikkerhet"
810850139325792257,2016-12-19 14:11:52,"Utrykningspol","UP Vest:  13.000 ruskontrollert så langt i desember. 40 er anmeldt av UP for ruskjøring i vest, 10 med alkohol og 30 med annen rus."
812573560023740416,2016-12-24 08:20:08,"Utrykningspol","UP Nord: Julemiddag - 1 glass eller 3? Er du sjåfør si nei takk til d ""Vanlig"" bil, hybrid eller strøm Samme d - vær svigermors drøm #godjul"
815216987345391616,2016-12-31 15:24:10,"Utrykningspol",UP Nord: Snart er vi i 20 sytten Gi et løfte som gjør nytten Bidra til en vei som er trygg Ikke kjør etter inntatt brygg #godtnyttår #2017
816612667335000064,2017-01-04 11:50:06,"Utrykningspol",Politikontroller forebygger alvorlige trafikkulykker. Oppsummering av 2016 fra Utrykningspolitiet. Mer på https://t.co/PFaHtq0BCM https://t.co/bfncRB5qAP
817009581100584960,2017-01-05 14:07:18,"Utrykningspol",UP Nord: Bilde fra en kontroll i Nordland idag. Viktig å sørge for tilstrekkelig utsyn. #førerkortbeslag #trafikksikkerhet https://t.co/XpO65ZG8qk
821316598560657409,2017-01-17 11:21:51,"Utrykningspol",Brukerne er mest fornøyd med politiets trafikktjeneste. Og folk frykter ulykker i trafikken. https://t.co/1f5QguRcrY https://t.co/WcDEPR8GXo
823812413938167808,2017-01-24 08:39:19,"Utrykningspol",UP Nord: Fin dag for kontrollaktivitet på Kvaløya i Troms. #trafikksikkerhet https://t.co/1OqdIkK9j3
827511387488448512,2017-02-03 13:37:43,"Utrykningspol",Jobb og opplevelser i skjønn forening. Vakkert på Seidafjellet i Finnmark. #trafikksikkerhet https://t.co/41gXFh3y0N
835032098683686912,2017-02-24 07:42:21,"Utrykningspol","UP Nord: Ønsker alle i nord en fin vinterferie som starter nå til helga. Kjør etter forholdene, og ta deg trygt frem. #trafikksikkerhet"
839873100044992513,2017-03-09 16:18:45,"Utrykningspol","UP Vest: Dagens avisoppslag om skremt politistudent i UP-bil stemmer ikke. Var med i sivil bil fra lokalt politi, med dashbordkamera."
839873867090919425,2017-03-09 16:21:48,"Utrykningspol",Feilaktig bruk av illustrasjonsbilde. Fremstår som videopatrulje fr UP.
850469948552081410,2017-04-07 22:06:51,"Utrykningspol","UP Vest:   Påskeutfart fredag. 166 fartsovertr. hvorav 17 fk beslag. Stor økning fra samme dag i fjor med 97 for fart, hvorav 5 fk beslag."
851154724057427969,2017-04-09 19:27:54,"Utrykningspol",UP Vest:  ...og i Nord-Rogaland tok UP en 18-åring for å ha kjørt i 117 km/t i 50-sone. Det tar liksom aldri slutt. https://t.co/h3bBtqC8Vy
851180286763302913,2017-04-09 21:09:29,"Utrykningspol",UP Nord Oppsummering palmehelga: 5 rusførere 127 FF fart + 7 fk-beslag 24 FF mobil 17 gebyr bilbelte 585 kontr #trafikksikkerhet #upnorth
852140434138714113,2017-04-12 12:44:46,"Utrykningspol","UP Vest: Reklame for SMS-varsling av kontroller, E39 i Sør-Rogaland. Ønsker ""gründeren"" økt trafikksikkerhet eller tykkere lommebok? https://t.co/rYU5Amh7Sl"
852263319616585734,2017-04-12 20:53:04,"Utrykningspol","UP Vest:   Påskeutfart onsd. 171 fartsovertr. hvorav 13 fk beslag. 60 av overtr på E16 Haugsvik, Voss. Ta det ihvertfall rolig hjem igjen..."
853217850617724928,2017-04-15 12:06:02,"Utrykningspol","UP Nord:  Påskesol og kontrollaktivitet er en god kombinasjon. Fortsatt god påske, og kjør pent! #trafikksikkerhet https://t.co/CF0MSynuCv"
853224973879607296,2017-04-15 12:34:20,"Utrykningspol",UP Vest: Ca 500 stanset i ruskontroller påskeaften formiddag på Fv45 mot Sirdal og E16 mot Voss/Kvamskogen. Ingen anmeldt. Vi er fornøyd.
854023875629371393,2017-04-17 17:28:53,"Utrykningspol","UP Vest: 1. og 2. påskedag, 157 fartsovertr. med kun 2 fk beslag. Patruljene meldte om stor trafikk og pen kjøring til tross."
854033228914716672,2017-04-17 18:06:03,"Utrykningspol",UP Nord: Til tross for mange reaksjoner gleder det oss at de fleste opptrer med en adferd det står respekt av. #trafikksikkerhet #upnorth https://t.co/ZOyQZLrtpn
854066704690929664,2017-04-17 20:19:04,"Utrykningspol","UP Øst; Hele påsken; 9 rusførere, 25 beslag for fart, 313 ff for fart, 17 ff mobil, 10 nark.saker, 5 pågrepet, m.m  #trafikksikkerhet"
855805338825760768,2017-04-22 15:27:47,"Utrykningspol",UP Nord: I Nordland - mann i 20-årene  først målt til 75 km/t i 60-sone. På retur samme sted like etter målt til 101 km/t. #trafikksikkerhet
857533452815675392,2017-04-27 09:54:42,"Utrykningspol",UP Nord: I Troms ble mann målt til 117 km/t i 80-sone = fk-beslag. Skulle rekke kjøretime for klasse BE - tilhenger. #trafikksikkerhet
862386829189947394,2017-05-10 19:20:17,"Utrykningspol",Våren er rett rundt hjørnet når asfalten viser seg på Saltfjellet i Nordland. #kjørpent #trafikksikkerhet https://t.co/2V2AUTeGHF
864727452333072385,2017-05-17 06:21:05,"Utrykningspol",Utrykningspolitiet ønsker alle en fin 17. mai. Selv på denne dag ber vi alle bidra til en trygg vei. #trafikksikkerhet
867443554997633026,2017-05-24 18:13:54,"Utrykningspol",UP Nord: Fint å kunne bidra til en trygg vei for de mest sårbare. #trafikksikkerhet https://t.co/5Z054hnR7C
870512612391374849,2017-06-02 05:29:14,"Utrykningspol","UP Vest: Ungdommer stanset i store hastigheter i Hordaland og Rogaland. Fv44 Nordsjøveien, 18 åring i 153 km/t med tre 17-åringer i bilen. https://t.co/tUFmfUIoIj"
871789032853909508,2017-06-05 18:01:17,"Utrykningspol",UP Nord: Høye fartsovertr. i pinsen. Eks.: 165 i 90-sone og 107 i 50-sone. Så langt reg.: 15 fk-beslag fart 125 FF fart #trafikksikkerhet
873491045455192064,2017-06-10 10:44:28,"Utrykningspol",UP Nord: Rein lykke å jobbe på en strålende sommerdag. Håper på en trafikksikker dag. #rusfribakrattet #holdfartsgrensene #trafikksikkerhet https://t.co/uyyenwbV8V
873524756032749568,2017-06-10 12:58:25,"Utrykningspol",@runedy D var nå et hint til bildet da. #bevisstskrivefeil
877162122907725824,2017-06-20 13:52:01,"Utrykningspol","UP Nord: Mor og sønn målt til 93km/t i 60-sone under øvelseskjøring. Fk-beslag hos mor, og sperrefrist for sønn. #trafikksikkerhet"
877176512772022272,2017-06-20 14:49:12,"Utrykningspol","@KaiaKnut Nordland, Troms og Finnmark."
877971721323773952,2017-06-22 19:29:04,"Utrykningspol","UP Vest: E134 Haukeli og Røldal, onsdag og torsdag. 118 fartsovertr. hvorav 8 fk.besl. Høyeste 168 i 80-sone og 106 i 60-sone + 1 rusfører."
885054008293036033,2017-07-12 08:31:33,"Utrykningspol",Flere blir tatt - antall omkomne går ned. Halvårstall fra UP viser at det også i år er en klar økning. Les mer: https://t.co/lzAdIjxeR4 https://t.co/N5CUcI4v2w
887623074471923712,2017-07-19 10:40:06,"Utrykningspol",ATK er et viktig trafikksikkerhetstiltak. https://t.co/MrmzK4aZwp Les også dagens leder i VG om samme emnet. https://t.co/TbLPZb8mOr
889126609948639232,2017-07-23 14:14:37,"Utrykningspol",@polititroms ...og med barn i bilen. Dårlig valg.
890976808216166400,2017-07-28 16:46:39,"Utrykningspol",UP Nord: Fin dag for kontroll på Kvaløya utenfor Tromsø. 19 FF i 50-sone var et minus med tanke på #trafikksikkerhet https://t.co/d5dowkNMih
893186678084521984,2017-08-03 19:07:53,"Utrykningspol",UP Nord: Vi var på rett sted til rett tid. 80-sone Evenes. #trafikksikkerhet https://t.co/YHucNqMAN5
896692478992109572,2017-08-13 11:18:41,"Utrykningspol",UP Nord: Klar for å bistå under siste etappe av #ArcticRaceofNorway i Tromsø. https://t.co/sR9P5WtMC7
899318112918622208,2017-08-20 17:12:01,"Utrykningspol",UP Nord: Denne helga har vi allerede passert 20 førerkortbeslag for hastighetsovertredelser #risikovillig #trafikksikkerhet
901077591616086016,2017-08-25 13:43:33,"Utrykningspol","UP Vest: E16 50-sone v/Sundve barneskole, Voss. 4,5 timer kontroll. i skoletiden. 42 fartsovertr., hvorav 5 fk besl. Flere over 80 km/t. https://t.co/NOubqa4LrD"
903367168661868544,2017-08-31 21:21:31,"Utrykningspol",UP Nord: 2 dg kontroll på E6 - Kråkmo på Hamarøy - førte til 54 FF og 3 fk-beslag for fartsovertredelser. #trafikksikkerhet #høststemning https://t.co/9gfVMWC0jF
912597545288945665,2017-09-26 08:39:44,"Utrykningspol",UP Nord: Strålende høstvær i nord kan utnyttes til å sjekke/gjøre klar vinterdekkene til glatte veier er en realitet. #trafikksikkerhet
913415486808973313,2017-09-28 14:49:57,"Utrykningspol","UP Vest: E16 50-sone v/Sundve barneskole, Voss. 4,5 timer kontroll. i skoletiden. 41 fartsovertr., derav 2 fk beslag hvorav vogntog i 76. https://t.co/90aUCMOqnl"
913464671440703493,2017-09-28 18:05:23,"Utrykningspol","UP Vest: 2. kontr i dag, E16 50-sone v/Sundve barnesk. 4 t kontroll etter skoletid. 29 fartsovertr., derav 2 fk beslag hvorav tankbil i 82."
916591099178835968,2017-10-07 09:08:42,"Utrykningspol",Ikke godta kjøring som setter deg eller andre i fare. Ta ditt ansvar også. 1 av 3 dør helt uskyldig i trafikken. https://t.co/pHD5vX4tGx
922880919366717440,2017-10-24 17:42:12,"Utrykningspol",UP Nord: Superenkel forskning (tur ut i mørket) viser at refleksens dag ikke har hatt 100% virkning. #seogblisett #brukrefleks
928663447591706625,2017-11-09 16:39:54,"Utrykningspol","UP Nord: Mange ""enøyde"" biler i trafikken nå i mørket. Ta en sjekk både foran og bak, og sørg for at alle lys virker som de skal. Du som sjåfør har ansvar for både å se og bli sett. #trafikksikkerhet"
940588600508538880,2017-12-12 14:26:12,"Utrykningspol","UP Vest: E16 50-sone v/Sundve barneskole, Voss. 2,5 timer fartskontroll i skoletiden.  23 fartsovertr., derav 2 fk beslag hhv 97 og 91 km/t."
943117277808988161,2017-12-19 13:54:15,"Utrykningspol",UP Nord: En vanlig dag på jobben for våre mannskaper. #tristmensant Ruspåvirket kjøring er en stor utfordring med tanke på at vi ønsker en trygg vei for oss alle. #rusfribakrattet #trafikksikkerhet https://t.co/VeqgbEwgsV
944669231517487104,2017-12-23 20:41:10,"Utrykningspol",UP Nord: #rusfribakrattet #trafikksikkerhet #godjul https://t.co/CgK8zVF73p
947441557053104128,2017-12-31 12:17:24,"Utrykningspol",UP Nord: #rusfribakrattet #trafikksikkerhet #godtnyttår #2018 https://t.co/6JcthtmBHD
1008731591106015232,2018-06-18 15:22:07,"Utrykningspol",UP Nord #Troms Hastigheten i en 80-sone er dessverre ikke helt uvanlig. Litt mer uvanlig at bilen hadde dekk tilnærmet uten mønster.  #trafikksikkerhet https://t.co/5gsrKIB599
1012077963377037320,2018-06-27 20:59:24,"Utrykningspol",UP Nord #Nordland Høy hastighet i 90-sone.  På rett sted til rett tid. #trafikksikkerhet https://t.co/FjlaSf9Y6M
1012309614103277569,2018-06-28 12:19:54,"Utrykningspol",UP Nord #FV82 Medby i Andøy kommune Fin dag for kontrollaktivitet. #trafikksikkerhet https://t.co/Sy5ndCYAxf
1029735372559921152,2018-08-15 14:23:39,"Utrykningspol",UP Nord: #Balsfjord i Troms - 90-sone. På rett sted til rett tid. #trafikksikkerhet https://t.co/0Ko5K325yG
1031217415026364422,2018-08-19 16:32:45,"Utrykningspol",UP Nord: #Alta var siste stopp etter å ha bistått under årets #ArcticRaceOfNorway #Finnmark https://t.co/SiwgWMwh50
1040261193477312512,2018-09-13 15:29:30,"Utrykningspol",@polititroms UP på rett sted til rett tid.
951424483184840709,2018-01-11 12:04:08,"Utrykningspol","Nedgang i trafikkdrepte Foreløpige tall viser at 108 mennesker omkom i trafikken i 2017, mot 135 i 2016.  Det er en stor nedgang i omkomne blant unge trafikanter.  Les mer på https://t.co/Q96PQ3wpg0"
971383622287745024,2018-03-07 13:54:37,"Utrykningspol",Politiet sentrale i trafikksikkerhetsarbeidet. 136 tiltak er samlet i Nasjonal tiltaksplan for trafikksikkerhet på veg 2018 -2021. Les mer på https://t.co/u5fZJPzm46 https://t.co/YFwo0MbUdD
974252525619699712,2018-03-15 11:54:37,"Utrykningspol",UP Vest: Under en kontroll av hvordan barn blir sikret i bilen ble en mannlig bilfører i slutten av 30 årene anmeldt for ruspåvirket kjøring. Fk beslaglagt. Ble stanset utenfor en barnehage i Bergen hvor fører skulle levere. Barnet var riktig sikret.
974729835703603200,2018-03-16 19:31:17,"Utrykningspol",UP Vest - E39 i Rogaland. https://t.co/JNuFwbu9Ze
977477893877063680,2018-03-24 09:31:05,"Utrykningspol","UP Vest - påsketrafikk «Palmefredag»: 205(182 i fjor)stanset for fart, hvorav 12(18)beslag. 134 km/t høyeste, 80-sone på E39 Romarheim. Ingen (2)mistenkt for ruskjøring. Spar penger, hold fartsgrensen."
979077707932798981,2018-03-28 19:28:10,"Utrykningspol","UP Vest - påsketrafikk            «Onsdag før skjærtorsdag»: 217(182 i fjor)stanset for fart, hvorav 4(13)beslag. Høyeste overtredelse var 91 km/t i 60-sone på E16 Haugsvik. 3 (0) mistenkt for ruskjøring. Gledelig med færre beslag. Spar penger, hold fartsgrensen."
980507092250480640,2018-04-01 18:08:02,"Utrykningspol",UP vest - 1. påskedag -  Haugaland og Sunnhordland. E39 Stord og E134 Etne og Skjold. 106 fartsovertredelser hvorav 2 beslag. Høyeste var 101 km/t i 60-sone på Stord.
980876217669902336,2018-04-02 18:34:48,"Utrykningspol","UP Vest - oppsummering fra påsken 2018: 612(529 i fjor) stanset for fart, hvorav 18(33) beslag.  3(3)tatt for ruskjøring.  27(26) tatt for annen uønsket atferd.  2(7) uten bilbelte. Gledelig nedgang i grov fart, men fortsatt alt for mange som blir tatt i varslede påskekontroller."
980888800703414272,2018-04-02 19:24:48,"Utrykningspol","UP Nord:  Påsken har vært preget av mye snø, snøskred og stengte veier. Vår aktivitet har ført til: - 820 kontrollerte - 8 rusførere - 11 fk-beslag pga fart - 402 FF for fart - 34 div overtredelser Ikke unormalt antall reaksjoner vs andre tidspunkt på året. #trafikksikkerhet"
984129244958773249,2018-04-11 18:01:10,"Utrykningspol","UP Vest: E16 Haugsvik, Voss, 60-sone. UP-patrulje på Voss gjennomførte fartskontroll i 8 timer. 35 overtredelser hvorav 17 VOGNTOG. Høyeste hastighet var 84 km/t, mens raskeste vogntog ble målt til 79. Ingen beslag heldigvis."
985065980022927365,2018-04-14 08:03:25,"Utrykningspol","UP Vest: E16 i 50-sone v/Sundve barneskole, Voss. 3,5 timer fartskontroll i skoletiden fredag. 25 fartsovertredelser, derav 4 førerkortbeslag. Høyeste målt til 90 km/t."
986860055923429376,2018-04-19 06:52:26,"Utrykningspol","UP Vest: «Speedmarathon» onsdag. Hordaland og Sogn og Fj. 13 kontrollsteder, 76 fartsovertr., ingen førerkortbeslag. Nedgang i overtredelser på 20% i fht samme dag 2017. Enkelte som ble stanset hadde hørt om aksjonen."
997487398702534656,2018-05-18 14:41:42,"Utrykningspol",UP Nord: Samarbeid «på tvers av» avslører mer enn bare overtredelser i trafikken. #vivilgjøredetigjen https://t.co/tYQJ8fOruK
1106264116581359617,2019-03-14 18:41:33,"Utrykningspol",@politivest Observasjon av ulovlig mobilbruk og manglende bruk av bilbelte. https://t.co/erYoSNODS4
1106264347603619840,2019-03-14 18:42:28,"Utrykningspol",@politivest Travelt på stoppost med mer enn 40 overtredelser. UP Vest https://t.co/dCiWil6EJi
1113866110024257537,2019-04-04 18:09:09,"Utrykningspol","UP Vest Vest: #Voss #E16 #Bolstad Fartskontr. 8,5t i 70-sone. 51 overtr. Ingen beslag. 10% var vogntog."
1116616500079521796,2019-04-12 08:18:14,"Utrykningspol",Kjør forsiktig - god påske til alle. UP-sjefens påskebudskap. https://t.co/FWaHvJFxtL
1118568421296410625,2019-04-17 17:34:28,"Utrykningspol","UP Vest, onsdag før skjærtorsdag: 12 fartskontroller, 399 overtr. hvorav 11 førerkortbeslag. Høyeste hast. 137 km/t i 80-sone på E39 Romarheim. Ung mann på 18 år stod for denne kjøringen."
1120417947036594176,2019-04-22 20:03:49,"Utrykningspol",UP Nord:  Fra og med palmehelgen og ut påsken 2019 har vår kontrollaktivitet ført til: - 1661 kontrollerte - 13 rusførere - 29 fk beslag pga fart - 2 fk beslag adferd  - 479 FF for fart - 17 FF adferd Ikke unormalt antall reaksjoner over en slik periode #trafikksikkerhet
1138744897496920064,2019-06-12 09:48:35,"Utrykningspol","UP Vest: Dobbelt så mange som en «normaluke» blåste i alkometer i aksjonsuken forrige uke. På Vestlandet gjennomførte 5.256 alkotest i UPs kontroller. 18 ble avslørt med rus, ca halvparten pga blåsingen. Alle som stanses av UP gjennom året må gjennom en alkotest."
1141974995402403840,2019-06-21 07:43:50,"Utrykningspol","Kjør forsiktig i sommer! Politiet har mange kontroller i løpet av sommeren, og har som målsetning å forebygge lidelser og tap av liv i trafikken. Les mer på https://t.co/RThPDQNaat https://t.co/qV4dwFGqQd https://t.co/9usrtIeiiI"
1143078217462571008,2019-06-24 08:47:39,"Utrykningspol","UP Nord: Vi mottar mange tips om høye fartsovertredelser «rundt om», og rett før helgen fikk vi et slikt tips inkl regnr på gjeldende kjøretøy.  11 timer senere gikk tipset «inn», og etter å ha blitt målt til 97km/t i 60-sone erkjente vedk forholdet. #trafikksikkerhet"
1145428860634378240,2019-06-30 20:28:16,"Utrykningspol",UP Nord: ACR helga i Mo i Rana ga oss nok å gjøre. Lørdag og søndag avslørte vi til sammen 13 rusførere. #trafikksikkerhet #rusfribakrattet
1146346635762503680,2019-07-03 09:15:10,"Utrykningspol",UP Nord: I løpet av 1. halvår 2019 har vi avslørt 311 rusførere - noe som er en økning på 35% sammelignet med 1. halvår 2018. #trafikksikkerhet #rusfribakrattet
1163330871497318400,2019-08-19 06:04:28,"Utrykningspol","DU har ansvaret! Denne uken starter skolene, tusenvis av skoleelever skal ut i trafikken til skoledagen. Les mer:https://t.co/lzAdIjxeR4 https://t.co/k3XzqsDmar"
1173863224917340160,2019-09-17 07:36:16,"Utrykningspol",Må eller kan jeg bytte til vinterdekk nå? Les mer på Facebooksiden til UP: https://t.co/lzAdIjxeR4 https://t.co/X5LFi37v55
1188736835629015040,2019-10-28 08:38:41,"Utrykningspol","UP Nord:  Patrulje i Finnmark fikk en fin kveld på jobben i helga, og i tillegg var det positivt med få overtredelser. #trafikksikkerhet https://t.co/gpTaOLZBsD"
1196720460651741184,2019-11-19 09:22:46,"Utrykningspol","UP Vest: Denne uken er det spesielt fokus på tungbiltrafikken i hele Europa. Dekkutrustning, kjettinger,  førerett, samt rus, fart og annen uønsket atferd sjekkes som vanlig. Bilde fra dagens kontroll på Rv5 ved Naustdaltunnelen. Her samarbeider UP-patruljen med Statens vegvesen. https://t.co/nxy47uLXMO"
1202181685573496833,2019-12-04 11:03:43,"Utrykningspol","UP har, for fjerde gang, gjennomført en nasjonal tilstandsanalyse av hvilke typer trafikkatferd(trusler) som oftest er foranledningen til drepte og hardt skadde i vegtrafikken. https://t.co/FWDIP0im4O"
1212037296993849345,2019-12-31 15:46:24,"Utrykningspol","UP Nord: Et nyttårsløfte av høy verdi, er noe som vi alle bør gi. Om du kjører, sykler eller går, bidra til et trafikksikkert år. #godtnyttår2020"
1214930831262781443,2020-01-08 15:24:17,"Utrykningspol","UP Nord: Vår kontrollaktivitet i 2019 førte til at vi avslørte totalt 555 rusførere - inkl de med lavpromille. Dette er en økning på 20% sammenlignet med 2018, og betyr i realiteten 1 rusfører pr 191 kontrollerte. #trafikksikkerhet #rusfribakrattet"
1240681618119024642,2020-03-19 16:48:43,"Utrykningspol",UP Nord: Flere stiller spm vedr vår kontrollaktivitet i disse Covid-19 tider. Målet er som før å bidra til å redusere antall ulykker m/skadde og drepte. Bidra du også - det vil hjelpe et overbelastet helsevesen. #kjørpent #rusfribakrattet #trafikksikkerhet
1243232316253757456,2020-03-26 17:44:16,"Utrykningspol","UP Nord: Til tross for Covid-19 driver vi aktiv kontrollaktivitet for å bidra til trygge veier. Redusert trafikkmengde, men likevel for mange som har en adferd vi ikke ønsker. #fart #rus Bidra til en trygg trafikkavvikling. #trafikksikkerhet"
1256143183404294146,2020-05-01 08:47:27,"Utrykningspol","UP Vest: Torsdag før 1.mai ble det i fartskontroller i hele UP-distriktet stanset 268 fartsovertredere, 6 førerkortbeslag. Dette er 25% flere overtredelser enn torsdag i forrige uke, men kun halvparten av førerkortbeslagene. Mer trafikk gikk dårligere plass til grov fart."
1261921165100138496,2020-05-17 07:27:05,"Utrykningspol",Utrykningspolitiet ønsker alle en fin 17. mai. 🇳🇴 Selv på denne dag ber vi alle bidra til trygge veier. #trafikksikkerhet
1266021365993390083,2020-05-28 14:59:49,"Utrykningspol",RT @StevenHasseldal: Jeg har i dag tidlig på eget intitiativ oversendt ulykken på Liertoppen til Spesialenheten for etterforskning. Jeg for…
1266741985223860225,2020-05-30 14:43:18,"Utrykningspol","UP Vest:  Mann 45 kjørte fort fordi. Måtte rekke noe som var særs viktig. Men der stod UP, han kom ei forbi. Også han som hadde det travelt, med å rekke sin fritid."
1266741986847010816,2020-05-30 14:43:19,"Utrykningspol",Takk sa fruen til onkel politi. Målet var plottet og farten solid. Det var godt dere stod her så vi ei kom forbi.  Kunne endt våre liv med evig fritid.  Kjør forsiktig og slipp «idiotene» inn igjen i køen.
1267535966849417216,2020-06-01 19:18:18,"Utrykningspol",UP Vest: Ingen omkomne i Vestland så langt og kun 1 i Rogaland. Blomster til trafikantene 💐 https://t.co/vL5VLQFSdy
1270676089413779456,2020-06-10 11:16:02,"Utrykningspol","UP Vest:  E16 Haugsvik, Voss, 2.6. Denne krysset veien 2 minutter etter en bilfører ble målt til 91 km/t i 60-sonen. Bilføreren opplevde det ved selvsyn da han skulle forevises målingen. Aha-opplevelse av de sjeldne.  Foto: UP325 https://t.co/JhpoIqfYXP"
1286315451656667141,2020-07-23 15:01:16,"Utrykningspol",UP Nord: Tenåring fikk sitt førerort beslaglagt etter hastighetsovertredelse i 80-sone. Moren kom til stedet og hadde klar beskjed til sønnen: «Jeg har jo sagt at du ikke må kjøre fortere enn 115km/t.» #forbilde #åretsmor
1286722501624713228,2020-07-24 17:58:45,"Utrykningspol","UP Vest, Rogaland. https://t.co/fQ84g4hHXp"
1288557248801898498,2020-07-29 19:29:23,"Utrykningspol",@politinordland @Utrykningspol på rett sted til rett tid. #trafikksikkerhet
1289252411870068736,2020-07-31 17:31:42,"Utrykningspol",RT @GeirMarthinsen: Vi i @Utrykningspol ønsker alle en fin og trafikksikker helg. Hvis du er #rusfribakrattet og overholder #fartsgrensene…
1306684419017773059,2020-09-17 20:00:17,"Utrykningspol",UP Nord: Tiden er inne for å endevende skuffer og skap for å finne frem en #refleks som bare venter på å bli brukt nå i høstmørket. #trafikksikkerhet
1306874347085328386,2020-09-18 08:34:59,"Utrykningspol","UP Nord: Mange ""enøyde"" biler i trafikken nå i høstmørket. Ta en sjekk både foran og bak, og sørg for at alle lys virker som de skal. Du som sjåfør har ansvar for både å se og bli sett. #trafikksikkerhet"
