427763379185262592,2014-01-27 11:21:51,"Utlendingsenhet","@Utlendingsenhet @Utlendingsdir og @politietoslo samarbeider tettere. 234 fra åpne rusmiljøer uttransportert i 2013 http://t.co/0VMPF5vQRr","",";"
479152032507768833,2014-06-18 06:42:01,"Utlendingsenhet","I natt ble PUs saksbehandlingssystem utropt til best i verden innenfor politi- og justisområdet http://t.co/QNruk1sYg9","",";"
433982978352361472,2014-02-13 15:16:19,"Utlendingsenhet","PU tvangsreturnerte nesten 60 % flere straffede utlending i januar 2014 enn januar 2013. http://t.co/1BZFeObFEB","",";"
448910481177444352,2014-03-26 19:52:53,"Utlendingsenhet","@SiriAvlesen PU prøver å følge alle flinke folk på Twitter :)","",";"
383171827012763648,2013-09-26 10:10:57,"Utlendingsenhet","RT @LeifOleTopnes: 350 deltakere fagseminar, politiets utlendingsenhet arrangør. Åpnes av statssekr Pål Lønseth. Utlendforvaltningen som me…","",";"
398409642629287936,2013-11-07 11:20:35,"Utlendingsenhet","@LineGaareP @Sigrun_ Vi varsler aldri de som skal uttransporteres på forhånd. Da risikerer vi at de forsvinner.","",";"
476628719411286017,2014-06-11 07:35:16,"Utlendingsenhet","Flere må reise hjem - fvn.no http://t.co/e9B0o6ggNC","",";"
474121167499190272,2014-06-04 09:31:09,"Utlendingsenhet","RT @Utlendingsdir: Utlendingsdirektoratet tar ansvaret for å få Faizullah Muradi til Norge, og arbeider for at han skal komme hit så raskt …","",";"
341950276279865344,2013-06-04 16:11:13,"Utlendingsenhet","Se våre uttransporteringstall for april 2013. https://t.co/SomKC1vkHa","",";"
398067251514847232,2013-11-06 12:40:03,"Utlendingsenhet","Les om hvordan uttransport av personer uten lovlig opphold gjennomføres: http://t.co/4KcBb1xeMq","",";"
410081320820146176,2013-12-09 16:19:40,"Utlendingsenhet","Vi har lagt ut nye bilder av tvangsretur på Flickr: http://t.co/MVcGX1ffK0","",";"
438284859031957504,2014-02-25 12:10:27,"Utlendingsenhet","Lurer du på hva utlendingsinternatet på Trandum egentlig er? @nilasjohnsen og @vgnett har tilbrakt en hel dag der http://t.co/gWNPhNedO7","",";"
481747433958154241,2014-06-25 10:35:13,"Utlendingsenhet","RT @Utlendingsdir: Norge henter i år tusen syriske overføringsflyktninger. Her er en reportasje fra @vaartland i Ankara.http://t.co/AfGYlR…","",";"
466177015390167040,2014-05-13 11:23:56,"Utlendingsenhet","@Rutina Når en så stor virksomhet som PU skal flyttes, er det mange vurderinger som gjøres: https://t.co/mcvdU3rIgZ","",";"
383165070542643201,2013-09-26 09:44:06,"Utlendingsenhet","For lett å jukse med ID sier @Justisdep Lønseth på #Fagligforum2013 Tidlig på sporet er nøkkelen til fortsatt høyt fokus på returarbeidet","Fagligforum2013;",";"
398408448456404992,2013-11-07 11:15:50,"Utlendingsenhet","@AndreMoskeland Det skulle selvfølgelig være omvendt. Takk for at du gjorde oss oppmerksom på skriveleifen! Retter opp nå.","",";"
405350738148089856,2013-11-26 15:02:01,"Utlendingsenhet","PU uttransporterte 621 personer uten lovlig opphold i oktober 2013. 270 av disse var straffede. http://t.co/JMfIyVB2Xf","",";"
357447773488037888,2013-07-17 10:32:44,"Utlendingsenhet","@tolvtejanuar @justisdep Torturkomiteen sier at ingen blir behandlet dårlig på utlendingsinternatet http://t.co/tIGAI27WWL #tvangsretur","tvangsretur;",";"
351602574438305792,2013-07-01 07:26:00,"Utlendingsenhet","RT @IGrimsmo: Godt samarbeid mellom @Utlendingsdir, Oslo-politiet og PU fikk kriminelle ut av Refstad transittmottak @Dagsrevyen","",";"
477365354839441408,2014-06-13 08:22:24,"Utlendingsenhet","Ny rekord for utsendelse av kriminelle: https://t.co/kv8CjEhPfH","",";"
326285851116056576,2013-04-22 10:46:23,"Utlendingsenhet","RT @Utlendingsdir: Mål 4 700 returer med politiet i år. I fjor 4 902 personer returnert. 21 500 de siste fem årene, sier Heier fra @Utlendi…","",";"
475317391711547392,2014-06-07 16:44:31,"Utlendingsenhet","RT @LeifOleTopnes: Fengsl i utlendingssaker, 3 dagers fremstillingsfrist tilsv straffesaksfengsl. Praktisk og ressursbesp ved uttransp http…","",";"
425956366050545665,2014-01-22 11:41:26,"Utlendingsenhet","@Utlendingsdir @politietoslo og PU inviterer til pressebrief om felles innsats mot åpne rusmiljø i Oslo 27.1 kl 10.00 i UDIs lokaler","","Oslo;"
326262771090067456,2013-04-22 09:14:40,"Utlendingsenhet","RT @Justisdep: De siste årene har frivillige returer firdoblet seg, samtidig har antallet tvangsreturer doblet seg. Faremo på #UDIkonf 2013","UDIkonf;",";"
463651835375804416,2014-05-06 12:09:46,"Utlendingsenhet","RT @Utlendingsdir: Hvor asylsøkere som kommer til Norge, kommer ifra. De ti største landene. http://t.co/3fjESMrlaC","",";"
443034877999722496,2014-03-10 14:45:20,"Utlendingsenhet","I februar uttransporterte PU 560 personer. 209 var straffede, en økning på 63 % mot februar 2013 http://t.co/TyHrZWL9S0","",";"
481747443835752448,2014-06-25 10:35:15,"Utlendingsenhet","RT @Utlendingsdir: Norge henter i år tusen syriske overføringsflyktninger. Her er film og reportasje fra @Aftenposten i Ankara.http://t.co…","",";"
410080885610790912,2013-12-09 16:17:56,"Utlendingsenhet","I november ble 530 personer tvangsreturnert.  Av disse var 222 straffede, en økning på 68 % fra november 2012. http://t.co/JrxBJsWWSz","",";"
397662341816274944,2013-11-05 09:51:05,"Utlendingsenhet","PU bekrefter planlagt uttransport av personen som er pågrepet for trippeldrapet på Valdresekspressen mandag 4.11 http://t.co/cYhD5KBdrx","",";"
405619088510042112,2013-11-27 08:48:21,"Utlendingsenhet","@SyloTaraku @oleheir 1053 personer med avslag på asylsøknaden er returnert enten til hjemland eller til landet der de har lovlig opphold.","",";"
475704319787163648,2014-06-08 18:22:02,"Utlendingsenhet","RT @kkvigne: Hvorfor ikke bare sende dem ut? http://t.co/JxwJH9qwgY","",";"
348051159963013120,2013-06-21 12:13:57,"Utlendingsenhet","Ny PU-sjef Kristin Ottesen Kvigne mener #politianalysen gir et godt fundament for videre arbeid. https://t.co/zTRLVJastG","politianalysen;",";"
469079106752376832,2014-05-21 11:35:48,"Utlendingsenhet","RT @NOASorg: Tagg hat og usannheter om asylsøkere i nettavisenes kommentarfelt med #bliklokere, så svarer NOAS på http://t.co/loeFo1Pi74","bliklokere;",";"
405624070646935554,2013-11-27 09:08:09,"Utlendingsenhet","@SyloTaraku @oleheir De fleste gikk med ledsaget frivillig retur. PU startet i september med tvangsretur til Somalia http://t.co/IE8pJH8i9D","",";"
413965082360434688,2013-12-20 09:32:21,"Utlendingsenhet","@tvitretrond fra @Nettavisen var med PU på oppdrag tidligere denne uken http://t.co/GzFDYPK65M","",";"
291175242024501249,2013-01-15 13:29:22,"Utlendingsenhet","Rekordmange straffedømte sendt ut i 2012: https://t.co/ijiTH8l2","",";"
313562057754697728,2013-03-18 08:06:34,"Utlendingsenhet","RT @Politiadvokaten: Riksadvokaten vil lage verktøykasse og styrke samarbeidet mellom @Utlendingsdir og politiet. http://t.co/ZdJOoXVCiE","",";"
387946860075167744,2013-10-09 14:25:13,"Utlendingsenhet","I september 2013 uttransporterte PU 226 straffede personer. Det er nesten en dobling sammenlignet med september 2012: http://t.co/D9HAC0nUk6","",";"
465855898364428288,2014-05-12 14:07:56,"Utlendingsenhet","@martinbsolberg Vet ikke om er klart enda, men du kan jo høre med gårdeier?","",";"
469780366153486336,2014-05-23 10:02:22,"Utlendingsenhet","RT @Utlendingsdir: Bedre for asylsøkere med endelig avslag å returnere med litt penger og verdighet, enn å bli returnert av politiet.http:…","",";"
354925862166073344,2013-07-10 11:31:34,"Utlendingsenhet","Godt samarbeid med politidistriktene har gitt en økning på 32 % i uttransport av straffedømte første halvår 2013http://t.co/3OjoOxe6Lr","",";"
378506827933036545,2013-09-13 13:13:54,"Utlendingsenhet","PUs arbeid er kriminalitetsforebyggende, se høringssvaret vårt til #politianalysenhttps://t.co/MHWFPHp5Q6","politianalysen;",";"
477055397275381760,2014-06-12 11:50:44,"Utlendingsenhet","RT @Stavestad: 108 syriske kvoteflyktninger har kommet til Norge http://t.co/H38E7qRhCQ","",";"
376976246992683008,2013-09-09 07:51:55,"Utlendingsenhet","PU advarer mot falske asylsøkerbevis http://t.co/bdDRzDUYOL","",";"
479246410529792000,2014-06-18 12:57:02,"Utlendingsenhet","AWARDS FOR EXCELLENCE IN CASE MANAGEMENT - Norsk politi vant «VM i data» - http://t.co/mBRmSCgTIC http://t.co/Ze7swuR2EV via @teknisk","",";"
455758469204045824,2014-04-14 17:24:21,"Utlendingsenhet","@Utlendingsenhet uttransporterte 534 personer i mars. 198 av disse var straffede. http://t.co/302sNh6C8k","",";"
460695565698084864,2014-04-28 08:22:36,"Utlendingsenhet","RT @LeifOleTopnes: UDI direktør, kronikk om ulov opph Politiet har klar og viktig oppg som utlmyndighet. Feil og ukjent ID stor samfutf htt…","",";"
371954508009455616,2013-08-26 11:17:19,"Utlendingsenhet","Dobbelt så  mange straffedømte uttransportert i juli 2013. Se klipp fra dagens Morgennytt: http://t.co/hBe7FjkPJH","",";"
326263006860296192,2013-04-22 09:15:37,"Utlendingsenhet","RT @Justisdep: De som ikke har et beskyttelsesbehov eller rett til opphold av andre grunner, må reise hjem. Faremo på #UDIkonf 2013","UDIkonf;",";"
443131804053012481,2014-03-10 21:10:29,"Utlendingsenhet","Her jakter politiet på straffedømte uten lovlig opphold i Norge - se hva de fant! - TV2.no http://t.co/nBioMCAxzS","",";"
466861299000160256,2014-05-15 08:43:02,"Utlendingsenhet","RT @Utlendingsdir: .@himanshugulati siterer Gro på at Alt henger sammen med alt: JD, UDI, UNE og PU må jobbe mot felles mål for mer effek…","",";"
383161281953669120,2013-09-26 09:29:03,"Utlendingsenhet","Bør få et mer robust PU for å videreføre krimforebyggende politiarbeid, sier Kristin Kvigne #politiet #Fagligforum2013","politiet;Fagligforum2013;",";"
479536826760568832,2014-06-19 08:11:03,"Utlendingsenhet","@IluibysCF hvis du lurer på noe foreslår vi at du sender en e-post til postmottaket vårt. Adressen finner du på http://t.co/esDej4PJxd","",";"
456367163033391104,2014-04-16 09:43:05,"Utlendingsenhet","Hvordan få flere asylsøkere med endelig avslag til å reise hjem frivillig? http://t.co/QCy9TGFWfb","",";"
378506090603761664,2013-09-13 13:10:58,"Utlendingsenhet","Ved utgangen av august hadde PU uttransportert 1 338 straffedømte, en økning på 58 % mot samme periode i fjor https://t.co/OFVsm35jIs","",";"
400620523404926976,2013-11-13 13:45:50,"Utlendingsenhet","RT @FrodeForfang: Med drapstragedien i Årdal som bakteppe, har jeg skrevet blogginnlegg om asylsøkere og psykisk helse. http://t.co/jfX1y00…","","Årdal;"
447064389985001472,2014-03-21 17:37:11,"Utlendingsenhet","Informasjon om barnefamilien på Politiets utlendingsinternat http://t.co/TU5VcABrKD","",";"
378163998249607169,2013-09-12 14:31:37,"Utlendingsenhet","PU svarer på politianalysen https://t.co/781tGjYncv","",";"
471229335668797440,2014-05-27 10:00:03,"Utlendingsenhet","RT @Stavestad: Unntak fra taushetsplikt for mottaksansatte http://t.co/ivo8u9mHWF","",";"
469396856926388225,2014-05-22 08:38:26,"Utlendingsenhet","I april uttransporterte PU 419 personer. 174 av disse var straffede. http://t.co/lG4Ep0IyLi","",";"
331753756297420800,2013-05-07 12:53:53,"Utlendingsenhet","Økte midler og stor satsing på flere tvangsreturer av straffedømte i 2013 er kriminalitetsforebyggende https://t.co/ODVkJbHb7g","",";"
383171079055114240,2013-09-26 10:07:58,"Utlendingsenhet","RT @PalLonseth: På Faglig forum til Politiets @Utlendingsenhet En flott gjeng fra hele utlendingsforvaltningen samlet. Takk for innsatsen o…","",";"
470639146206494720,2014-05-25 18:54:51,"Utlendingsenhet","VG har vært med oss på jobb: http://t.co/kcmiM0taDS","",";"
423403234397782016,2014-01-15 10:36:12,"Utlendingsenhet","2 224 straffede uttransportert i 2013. Det gjør fjoråret til nok et rekordår for PU. Se den ferske statistikken http://t.co/PTTGvc3m60","",";"
466473584353767424,2014-05-14 07:02:23,"Utlendingsenhet","– Utlendingspolitiet bra for Tøyen http://t.co/fLiLF4p4aU","",";"
331780861492076545,2013-05-07 14:41:36,"Utlendingsenhet","#revidert bevilger 11,2 mill til flere tvangsreturer, hvor straffedømte utlendinger prioriteres. #statsbudsjett https://t.co/ODVkJbHb7g","revidert;statsbudsjett;",";"
436964582616489984,2014-02-21 20:44:09,"Utlendingsenhet","Gleder oss til 79 nye kolleger! http://t.co/8E0Gc1i4G2","",";"
466179601916788736,2014-05-13 11:34:12,"Utlendingsenhet","@TonjeTornes Vi ses på informasjonsmøtet i morgen. Håper vi kan svare på alle spørsmålene dine da!","","Tornes;"
337513837039321088,2013-05-23 10:22:24,"Utlendingsenhet","65 nye plasser, og nå totalt 137, ved nyåpnet utlendingsinternat gir doblet kapasitet på ett år. https://t.co/jEQU8qO96N","",";"
398820611348127744,2013-11-08 14:33:38,"Utlendingsenhet","Er med å øke PUs innsats på ID-etterforskning og raskere retur, sier sjef PU Kristin Kvigne om #statsbudsjettet2014 http://t.co/bUW6bE08Yd","statsbudsjettet2014;",";"
469755133665247232,2014-05-23 08:22:06,"Utlendingsenhet","Unyansert i dagens VG om pengebruk i PU. Les hele vårt tilsvar http://t.co/h4eGn6zs69","",";"
465845124069875713,2014-05-12 13:25:07,"Utlendingsenhet","RT @kkvigne: PU flytter til Tøyen. Her vil personer som søker beskyttelse levere sin søknad, en rettighet vi skal verne om http://t.co/3P0O…","",";"
469780378220494848,2014-05-23 10:02:24,"Utlendingsenhet","RT @Stavestad: En verdig reise hjem - Bergens Tidende http://t.co/eIydySqcxw","",";"
326266061169246208,2013-04-22 09:27:45,"Utlendingsenhet","UDI og PU samarbeider godt om å oppfordre personer uten lovlig opphold til frivillig retur, sier Christine Wildberg fra UDI, #UDI konf","UDI;",";"
423397066208198656,2014-01-15 10:11:41,"Utlendingsenhet","I 2013 gjennomførte PU 5 934 uttransporter, sier sjef PU Kristin Kvigne på politiets pressekonferanse #krimstatistikk","krimstatistikk;",";"
450626803032678400,2014-03-31 13:32:56,"Utlendingsenhet","http://t.co/xA64VAmB5m @politilederen Tross dragkampen om porteføljen og forslag om nedleggelse i Politianalysen, seiler PU i medvind.","",";"
478886374175559680,2014-06-17 13:06:23,"Utlendingsenhet","PUs it-system Utsys er finalist til å bli verdens beste ACM-system. http://t.co/rEFWAbhy5a","",";"
421557687520722944,2014-01-10 08:22:39,"Utlendingsenhet","Ta del i samfunnsoppdraget og forebygg kriminalitet. Bli politi! http://t.co/4ywr0I7nES @Politihogskolen","",";"
302436363494633473,2013-02-15 15:17:02,"Utlendingsenhet","I natt ledet vi en EU-charter hvor vi returnerte nigerianere uten lovlig oppphold i Europahttp://t.co/LtSvW2LG","",";"
397752917597224960,2013-11-05 15:51:00,"Utlendingsenhet","Alle som skal tvangsreturneres pågripes av politiet før uttransporten. Også de som reiser uledsaget på flyet  http://t.co/cYhD5KBdrx","",";"
383558561911275520,2013-09-27 11:47:41,"Utlendingsenhet","PST vektlegger samhandling og infoutveksling med utlendingsforvaltningen i returarbeidet iflg PST #Fagligforum2013","Fagligforum2013;",";"
324503567719350273,2013-04-17 12:44:14,"Utlendingsenhet","RT @Utlendingsdir: 2012 var behandlingstida for asylsøknader 70 d, nedgang på 128 frå 2010. For einslege mindreårige asylsøkjarar: 56 d. ...","",";"
423398428761419776,2014-01-15 10:17:06,"Utlendingsenhet","RT @TV2Kadafi: Sammenlignet med 2012 var det ifjor en økning på 64% i retur av straffede utlendinger. Ifølge politiet topper borgere fra Ro…","",";"
450553853436760064,2014-03-31 08:43:04,"Utlendingsenhet","http://t.co/w1lgzsD8US  PU vurderer alltid sikkerheten grundig i hvert tilfelle.","",";"
337507468273922049,2013-05-23 09:57:05,"Utlendingsenhet","Økt trivsel gir økt sikkerhet sier Ole Johan Heir, sjef PU på offisiell åpning av utvidet utlendingsinternat i dag,  https://t.co/jEQU8qO96N","",";"
315050922768228352,2013-03-22 10:42:48,"Utlendingsenhet","@MortenOrsal Alle asylsøkere som kommer til Norge underskriver på skjema om forbud mot kjønnslemlestelse og tvangsekteskap/ udiregelverk.no","",";"
354883572538150912,2013-07-10 08:43:31,"Utlendingsenhet","Aldri før har PU uttransportert flere straffede personer uten lovlig opphold som i juni 2013. https://t.co/fPCOtRbuUr","",";"
482065910237528064,2014-06-26 07:40:44,"Utlendingsenhet","RT @kkvigne: Slik skal Norge sende flere asylsøkere ut av landet - Aftenposten http://t.co/gc8MzaveyF","",";"
467388158091739136,2014-05-16 19:36:35,"Utlendingsenhet","RT @FrodeForfang: Er asylsøkere skadelig for Tøyen? Les mitt blogginnlegg. http://t.co/qKltt67vXC","",";"
450588544479010816,2014-03-31 11:00:55,"Utlendingsenhet","Viktig sak i  @Aftenposten http://t.co/vE0NWxPOkC. PU sørger for at alle asylsøkere som kommer til Norge blir møtt på en god måte.","",";"
441142753091928064,2014-03-05 09:26:43,"Utlendingsenhet","RT @oleheir: Aksjon mot ulovlig opphold i Harstad, 7 pågrepne, mye narkotika og penger tatt Midtre Hålogal pd og @Utlendingsenhet  http://t…","","Harstad;Midtre;"
383497571333070849,2013-09-27 07:45:20,"Utlendingsenhet","RT @LeifOleTopnes: Utlending fagsamling PU. Kjempe samf utfordring utl med falske identiteter. Saker avsløres og personer utvises. Krever f…","",";"
460695828479614976,2014-04-28 08:23:39,"Utlendingsenhet","RT @Utlendingsdir: Forslag fra @Justisdep om å endre dagens returbegrep. De ønsker å tydeliggjøre konsekvensene av negative vedtak.http://…","",";"
397697391257595905,2013-11-05 12:10:21,"Utlendingsenhet","Pressekonferanse med UDI og PU hos @Utlendingsdir kl. 13.30","",";"
445587512816582656,2014-03-17 15:48:36,"Utlendingsenhet","Politiets utlendingsenhet har sendt opplysninger om en ansatt til Spesialenheten http://t.co/4QULDqwslx","",";"
427771589728280576,2014-01-27 11:54:29,"Utlendingsenhet","@theforeignerNo Our press telephone is operated on weekdays from 9:00 to 16:00. Please call us again and we will assist you as best we can.","",";"
331754187861917696,2013-05-07 12:55:36,"Utlendingsenhet","Regjeringen vil ha 400 flere tvangsreturer i 2013. PU prioriterer alltid straffedømte https://t.co/ODVkJbHb7g","",";"
423397363198476290,2014-01-15 10:12:52,"Utlendingsenhet","PU uttransporterte 64 % flere straffede i 2013. Uttransport av straffede er kriminalitetsforebyggende, sier Kvigne #krimstatistikk","krimstatistikk;",";"
564824748346314752,2015-02-09 16:34:48,"Utlendingsenhet","Årstallene er ute: av totalt 7259 uttransporter i 2014, var 2810 returer av straffede http://t.co/j3e7ujhcIG","",";"
623819795419537408,2015-07-22 11:40:03,"Utlendingsenhet","Se nettsaken vår: http://t.co/dTZja9I2I6 @Frihagen @Utlendingsdir","",";"
661132853288280065,2015-11-02 10:48:50,"Utlendingsenhet","@IluibysCF Send en e-post til oss, så skal vi se hva vi kan hjelpe deg med. E-postadressen finner du på https://t.co/esDej56Mzd","",";"
556027198000627713,2015-01-16 09:56:29,"Utlendingsenhet","PU har ikke nedprioritert retur av kriminelle til fordel for utsendelse av barnefamilier, slik media skriver http://t.co/HFp30jIUC5","",";"
646645765776015360,2015-09-23 11:22:19,"Utlendingsenhet","I media kan man få inntrykk av at asylsøkere må overnatte rett utenfor våre lokaler. Det stemmer ikke. https://t.co/X3xWnmEW7r","",";"
497737998147289088,2014-08-08 13:36:00,"Utlendingsenhet","I juli uttransporterte PU 497 personer. 181 av disse var straffede. http://t.co/S4JHvOQ7GF","",";"
496913246704914433,2014-08-06 06:58:44,"Utlendingsenhet","RT @Innsatsgruppen: I juli ble 11 av våre pågrepne og dømte lommetyver uttransportert av Politiets @Utlendingsenhet. Alle ilagt innreisefor…","",";"
555270701188669440,2015-01-14 07:50:26,"Utlendingsenhet","@MYRMEK den kommer sannsynligvis i begynnelsen av neste uke. Litt senere enn vanlig siden den inkl tall for hele 2014.","",";"
717717198488346624,2016-04-06 14:14:49,"Utlendingsenhet","Les hele svaret vi ga til media ifbm UDIs evalueringsrapport her: https://t.co/w4t7kmYGom","",";"
527467613811904512,2014-10-29 14:30:53,"Utlendingsenhet","RT @SidselWold: Anbefales sterkt: @olavn sitt Brennpunkt om syriske flyktningers vei til Norge. UDIs nåløye http://t.co/K6f6Jb6tE4","",";"
521634353810792448,2014-10-13 12:11:36,"Utlendingsenhet","I september gjennomførte vi 763 uttransporter. Dette er det høyeste antallet på en måned i PUs historie http://t.co/xrAaoAwFpJ","",";"
490115048724250624,2014-07-18 12:45:08,"Utlendingsenhet","UNE har bedt PU om å stanse tvangsretur til Gaza inntil videre etter at sikkerhetssituasjonen er forverret. https://t.co/d8TPKlgpHi","",";"
689450330132652032,2016-01-19 14:12:22,"Utlendingsenhet","- Norge er enda bedre rustet til å ta imot asylsøkere i år, sier sjef PU Kristin Kvigne på PODs pressekonferanse. https://t.co/udCS2qk4jD","",";"
562542960102084608,2015-02-03 09:27:47,"Utlendingsenhet","Rekordmange bort- og utvist i 2014, men ikke alle disse var kriminelle. http://t.co/nocarEE9oh","",";"
644831382645116928,2015-09-18 11:12:36,"Utlendingsenhet","Antallet asylsøkere som kommer til Norge har steget betydelig siden i sommer, fra ca 200 i uken til langt over 700 https://t.co/QKVvwE6iiV","",";"
553145979386740736,2015-01-08 11:07:33,"Utlendingsenhet","RT @Refugees: Which countries are the main asylum seeker destination? Explore new data for 2014 http://t.co/8Uu7YXQc0Y http://t.co/vt4KkhIs…","",";"
627098864659599360,2015-07-31 12:49:54,"Utlendingsenhet","PU sørger for en verdig og sikker retur, også i vanskelige saker http://t.co/RpRumJyXYY","",";"
687637593811513344,2016-01-14 14:09:12,"Utlendingsenhet","Fra nå vil tvangsreturer til Russland over Storskog skje med buss https://t.co/QpEGf8wL6V","",";"
496920947320844288,2014-08-06 07:29:20,"Utlendingsenhet","15 prosent med visum oppga falsk identitet - Aftenposten http://t.co/3DYlnjhhpp","",";"
715442899027103744,2016-03-31 07:37:34,"Utlendingsenhet","- Når selvmordsforsøk &amp; selvskading ved utl.internat forekommer skjer det ofte når utreisedato er satt, Lægreid. 1/2 https://t.co/Zb28JS4NjK","",";"
558627323113897984,2015-01-23 14:08:27,"Utlendingsenhet","Tverretatlig samarbeid gir resultater! Les blogginnlegget fra @FrodeForfang @kkvigne og Ingunn Sofie Aursnes http://t.co/yATB5EMn4w","",";"
532494376690536448,2014-11-12 11:25:27,"Utlendingsenhet","I oktober gjennomførte PU 824 uttransporter. Av disse 824 personene var 196 ilagt en straffereaksjon. https://t.co/7up2DMbnkq","",";"
670194306720907264,2015-11-27 10:55:48,"Utlendingsenhet","Fra og med i dag oppretter PU et lukket innkvarteringssted ved Barents Frokosthotell i Kirkenes https://t.co/ty0qDGILIm","","Kirkenes;"
689452324905848832,2016-01-19 14:20:18,"Utlendingsenhet","- Retur av personer uten lovlig opphold er kriminalitetsbekjempende, sjef PU Kristin Kvigne på PODs pressekonferanse https://t.co/oZRU9DBtiy","",";"
686511749751803909,2016-01-11 11:35:30,"Utlendingsenhet","RT @oleheir: Statsråd Listhaug i Politiets @Utlendingsenhet, takker for gode resultater i 2015 https://t.co/gR5xIYydxa","",";"
524177764073889792,2014-10-20 12:38:12,"Utlendingsenhet","Hvis ikke Neda, hvem da? Hvorfor får noen opphold, og andre ikke? Kronikk fra UNE: http://t.co/T4i5RptBrp","",";"
562543446620381184,2015-02-03 09:29:43,"Utlendingsenhet","Til dere som lurer: PUs årstall for 2014 publiseres neste uke","",";"
653963554090041345,2015-10-13 16:00:36,"Utlendingsenhet","RT @Utlendingsdir: Et par hundre innbyggere møtte opp da @Radekom, @Utlendingsenhet og UDI informerte om det nye Ankomstsenter Østfold. htt…","",";"
639406658666528768,2015-09-03 11:56:41,"Utlendingsenhet","PU takker for engasjement og omtanke, men d er krevende når priv personer engasjerer seg for tett i politiets arbeid https://t.co/famwzle16Z","",";"
649934073331384320,2015-10-02 13:08:52,"Utlendingsenhet","Det ble satt stor pris på @erna_solberg sitt besøk hos oss i går https://t.co/Uqnxo39a1j","",";"
527029482893635584,2014-10-28 09:29:55,"Utlendingsenhet","lurer du på hvordan PU jobber? @Nettavisen har vært med oss på pågripelse og utreisekontroll http://t.co/odZtz5KTnq","",";"
673854483860987909,2015-12-07 13:20:03,"Utlendingsenhet","40 personer returnert over Storskog i helgen https://t.co/kr50tjE1PC","",";"
701767178132070400,2016-02-22 13:55:08,"Utlendingsenhet","Torsdag 18/2 gjennomførte PU, i samarbeid med flere politidistrikt, Norges første charter til Gambia. 15 returnert. https://t.co/jCPcX67uCP","",";"
664766269221175296,2015-11-12 11:26:43,"Utlendingsenhet","Åpningstidene for PUs pressevakt utvides - vi er nå tilgjengelige fra 08-21 på hverdager og 10-18 lørdager https://t.co/ZPNP9OmEZd","",";"
531723009178886145,2014-11-10 08:20:18,"Utlendingsenhet","Sendte ut rekordmange i oktober - Dagsavisen http://t.co/a1xFnDHQKy","",";"
522682325457702912,2014-10-16 09:35:52,"Utlendingsenhet","Brein-Karlsen @Justisdep takker PU og politiet for profesjonalitet på utlendingsfeltet, #Fagligforum2014","Fagligforum2014;",";"
697352779246002176,2016-02-10 09:33:53,"Utlendingsenhet","PU uttransporterte 10 prosent flere i januar i år sammenlignet med samme måned i fjor. https://t.co/LDoCYmOqdc","",";"
657206331783446528,2015-10-22 14:46:14,"Utlendingsenhet","@Europol_EU direktør Wainwright og @AndersAnundsen besøkte og holdt innlegg på PUs 11. Faglig forum #fagligforum2015 https://t.co/lemp2A2ng3","fagligforum2015;",";"
557832758136160256,2015-01-21 09:31:08,"Utlendingsenhet","- Kortere oppholdstid gjør «dublinere» mindre sårbare for rekruttering til kriminalitet #bedrestatprisen http://t.co/b2u8uDmcb5","bedrestatprisen;",";"
505704193471307776,2014-08-30 13:10:49,"Utlendingsenhet","Takk til alle som har vært innom teltet vårt i dag på #politietsdag, og takk til @politietoslo for bra samarbeid og arrangement!","politietsdag;",";"
527112344389046272,2014-10-28 14:59:10,"Utlendingsenhet","@shortyM9 @Utlendingsdir ja, det har gått bra. Vi gjør sikkerhetsvurderinger i alle saker.","",";"
623038035358294016,2015-07-20 07:53:37,"Utlendingsenhet","Er du vår nye kollega? Spennende kommunikasjonsjobb ledig i PU! Søknadsfrist 3.8 http://t.co/DQxv8nwOIM","",";"
690193673724805120,2016-01-21 15:26:09,"Utlendingsenhet","Ingen Storskog-returer i dag: skyldes at det ikke er nok personell på russisk side, noe som gir forsinkelser i vårt returarbeid","",";"
505646233978171392,2014-08-30 09:20:31,"Utlendingsenhet","Ta fingeravtrykk på standen vår og få de med hjem! #politietsdag #rådhusplassen http://t.co/58Oadfi53q","politietsdag;rådhusplassen;",";"
689451589451448321,2016-01-19 14:17:22,"Utlendingsenhet","- PU samarbeider med PST rundt profilering av søkere som er potensiell trussel mot riket, sjef PU på PODs PK. https://t.co/QLIvhg9Wnt","",";"
505622477733900288,2014-08-30 07:46:07,"Utlendingsenhet","Hvor god er du i språk? Ta språktesten! Vi er klare til #politietsdag på #rådhusplassen i dag fra kl 11 http://t.co/sfeQ020tLW","politietsdag;rådhusplassen;",";"
517281690566545408,2014-10-01 11:55:40,"Utlendingsenhet","@56Batt Our opening hours are 07.30-23.00 on weekdays. Saturdays 11-20 and Sundays 10-19.","",";"
715443723295985664,2016-03-31 07:40:50,"Utlendingsenhet","- For ensidig å peke på spesifikke sikkerhetstiltak. Må se helheten, sier leder ved utl.internat Lægreid ved Sivilombudsmannens seminar. 2/2","",";"
507074575344361472,2014-09-03 07:56:14,"Utlendingsenhet","Les vårt svar til VG om rapporten til NHO transport: http://t.co/L5qlyvOykg","",";"
557836568803962880,2015-01-21 09:46:16,"Utlendingsenhet","RT @godstyring: Gratulerer med #bedrestatprisen! @Utlendingsdir, Utlendingsnemda og Politiets utlendingsenhet.","bedrestatprisen;",";"
504169816723566592,2014-08-26 07:33:45,"Utlendingsenhet","Møt oss på #politietsdag sammen med @politietoslo på Rådhusplassen 30.8 https://t.co/AxXxoTVuSk","politietsdag;",";"
505702864543809536,2014-08-30 13:05:33,"Utlendingsenhet","RT @politietoslo: Ordfører @fabianstang avsluttet #politietsdag. Vi takker alle som har besøkt oss - vi har hatt en fantastisk dag! http://…","politietsdag;",";"
517283188184739840,2014-10-01 12:01:37,"Utlendingsenhet","We're happy to answer all of your questions @56Batt . Please send us an e-mail at politiets.utlendingsenhet@politiet.no @oleheir","",";"
679256978661724160,2015-12-22 11:07:38,"Utlendingsenhet","NTB har vært med PU på oppdrag for å hente og uttransportere personer uten lovlig opphold i Norge https://t.co/dCLDqfX5AQ","",";"
694540994868613122,2016-02-02 15:20:51,"Utlendingsenhet","@BeintB fra 1.6 til 31.12.2015 ble 166 personer bortvist på grensen ved Storskog","",";"
582861151941312512,2015-03-31 11:05:02,"Utlendingsenhet","@willJens Slike hendelser er helt uakseptabelt, og vi retter innsats mot at slikt ikke skal skje igjen.","",";"
505692360777678848,2014-08-30 12:23:48,"Utlendingsenhet","Vi holder koken på #rådhusplassen til kl 15. Lurer du på noe, vil ta fingeravtrykk eller språktest? Kom innom på #politietsdag","rådhusplassen;politietsdag;",";"
582877082117623808,2015-03-31 12:08:20,"Utlendingsenhet","@v36ar @willJens Kan forsikre om at vi tar dette alvorlig.","",";"
676327217178271744,2015-12-14 09:05:48,"Utlendingsenhet","837 personer uttransportert i november. Av disse var 216 straffede. Månedsstatistikken er klar: https://t.co/r5EKnYjGTt","",";"
677432798802747392,2015-12-17 10:18:59,"Utlendingsenhet","@BeintB beklager sent svar, men hvis du mener over Storskog så har ingen asylsøkere kommet den veien siden 30.11.","",";"
557830055645433857,2015-01-21 09:20:23,"Utlendingsenhet","Takk for prisen @godstyring #styringskonferansen #bedrestatprisen @Utlendingsdir","styringskonferansen;bedrestatprisen;",";"
507073688194535424,2014-09-03 07:52:42,"Utlendingsenhet","Vi bruker aldri rutebuss for å tvangsreturnere noen uledsget: http://t.co/jdHn8FAq9v","",";"
641504934605758465,2015-09-09 06:54:29,"Utlendingsenhet","RT @Utlendingsdir: Sist uke kom det 753 nye #asylsøkere. Flertallet kom fra #Syria, #Eritrea og #Afghanistan. 164 enslige mindreårige.http…","asylsøkere;Syria;Eritrea;Afghanistan;",";"
655004820735062016,2015-10-16 12:58:13,"Utlendingsenhet","Ankomstsenter Østfold i Råde åpnet i dag. Asylsøkere nå skal møte der for registrering, helsesjekk, kost og losji https://t.co/1Q4Tl28e6g","","Råde;"
505362378037661696,2014-08-29 14:32:34,"Utlendingsenhet","RT @kkvigne: Gleder meg til å treffe mange på Politiets dag imorgen! PU har egen stand sammen med Oslo Pd på Rådhusplassen. Se program på p…","","Oslo;"
686558548420128768,2016-01-11 14:41:28,"Utlendingsenhet","PU uttransporterte 7.825 personer uten lovlig opphold i 2015, og nådde regjeringens måltall. https://t.co/lKQkuVXlfY","",";"
622034438394904576,2015-07-17 13:25:41,"Utlendingsenhet","Alle barn som søker asyl skal bli tatt imot på en god måte http://t.co/dTZja9I2I6","",";"
664054127320801280,2015-11-10 12:16:56,"Utlendingsenhet","Det ble uttransportert 655 personer i oktober, og åpenbart grunnløse asylsøkere snus på grensen til Russland daglig https://t.co/6EPdc7Nh90","",";"
648504875760939008,2015-09-28 14:29:45,"Utlendingsenhet","@polkapiken @Dagsavisen Det kan vi dessverre ikke gi noe godt svar på.","",";"
648501434233790464,2015-09-28 14:16:05,"Utlendingsenhet","Det er ikke riktig at asylsøkere må overnatte på asfalten utenfor våre lokaler. De aller fleste venter max 1 time. https://t.co/X3xWnmEW7r","",";"
687984823487598592,2016-01-15 13:08:58,"Utlendingsenhet","Er du tolk og ønsker å ta oppdrag for PU? Les hvordan her: https://t.co/eHFhzMqPyy","",";"
575588559937216512,2015-03-11 09:26:21,"Utlendingsenhet","@FGudbrandsen @Utlendingsdir Tvangsretur kan være utfordrende til enkelte land, men det er ytterst få som ikke kan returnere frivillig.","",";"
575581488739123200,2015-03-11 08:58:15,"Utlendingsenhet","@FGudbrandsen @Utlendingsdir Det er svært få som ikke kan reise tilbake til hjemlandet, dersom de reiser frivillig eller samarbeider med PU","",";"
715438364443410432,2016-03-31 07:19:32,"Utlendingsenhet","- Bruk av isolasjon gir de internerte en time-out. Fjerner potensiell farlig stimuli, Kristina Lægreid. https://t.co/zClUdguB8f","",";"
605830421650096128,2015-06-02 20:16:42,"Utlendingsenhet","RT @kkvigne: Er det bedre å leve ulovlig i Norge enn å reise hjem? - Aftenposten http://t.co/zE5D8go7kZ","",";"
715437464131919872,2016-03-31 07:15:58,"Utlendingsenhet","Kristina Lægreid begrunner frihetsberøvelse ved utlendingsinternatet på Trandum under debatt hos Sivilombudsmannen. https://t.co/HPXGcMD3LR","",";"
524182164917993472,2014-10-20 12:55:41,"Utlendingsenhet","RT @Utlendingsdir: #Assistert_retur på @migrapolis: Støtte av @IOM_Oslo, men han overholdt ikke fristen. Sendt ut av @Utlendingsenhet.http…","Assistert_retur;","Oslo;"
536952775310336000,2014-11-24 18:41:32,"Utlendingsenhet","Lurer du på hvordan en uttransport foregår? @btno ble med PU til Jemen: http://t.co/yTvh3NhdCS","",";"
507943956957896704,2014-09-05 17:30:51,"Utlendingsenhet","PU bordet i dag et skip utenfor Langesund på jakt etter blindpassasjerer: http://t.co/zdMpJMRwAW","","Langesund;"
519866239339229184,2014-10-08 15:05:44,"Utlendingsenhet","@Regjeringen vil øke budsjettet til PU med over 150 millioner kroner #statsbudsjettet http://t.co/2gqNunMuG4","statsbudsjettet;",";"
485021051433549825,2014-07-04 11:23:24,"Utlendingsenhet","RT @politietoslo: Visepolitimesterne Roger Andresen og Gro Smogeli presenterer nå oslopolitiets halvårstall 2014 for pressen. http://t.co/S…","",";"
507059357771923457,2014-09-03 06:55:46,"Utlendingsenhet","RT @AndreasBF: Les på @Aftenposten NÅ: 14.000 utlendinger registrert med ulovlig opphold i Norge hos @Utlendingsenhet. #aftenposten http://…","aftenposten;",";"
505621518618206209,2014-08-30 07:42:18,"Utlendingsenhet","RT @oleheir: Jeg skal på #politietsdag i morgen, på stand for Politiets @Utlendingsenhet","politietsdag;",";"
644830227584172032,2015-09-18 11:08:01,"Utlendingsenhet","@regjeringen har bevilget 50 mill ekstra til økte asylankomster https://t.co/8ZEgC8gwXe","",";"
490109716685926400,2014-07-18 12:23:56,"Utlendingsenhet","RT @Utlendingsdir: Utlendingsmyndighetene har stoppet returer til Gaza etter at sikkerhetssituasjonen der har blitt dramatisk verre.http:/…","",";"
638998200771301376,2015-09-02 08:53:37,"Utlendingsenhet","@larsbrendeland I ukedagene er registreringen åpen fra 08-23, og i helgene har vi noe kortere åpningstid. Tidene gjelder hele året.","",";"
542990620445671424,2014-12-11 10:33:46,"Utlendingsenhet","20-åringen som forstyrret Nobelprisutdelingen i går intervjues i dag av PU http://t.co/DjAp2FIX0o","",";"
669460463051268096,2015-11-25 10:19:47,"Utlendingsenhet","VG har vært på Ankomstsenter Østfold og beskriver hva som skjer der - trinn for trinn https://t.co/l7XEu7k6Mt","",";"
515546273982980096,2014-09-26 16:59:44,"Utlendingsenhet","RT @oleheir: Vil du bli Seksjonssjef for analyse og utvikling i Politiets @Utlendingsenhet? Søk nå!  http://t.co/StRs68iaKP","",";"
489318142712500224,2014-07-16 07:58:30,"Utlendingsenhet","@ttestad PU registrerer asylsøkere og uttransporterer personer uten lovlig opphold. Kontakt ditt lokale politi, kanskje de kan hjelpe?","",";"
519866678499618816,2014-10-08 15:07:29,"Utlendingsenhet","Økt innsats på uttransport virker kriminalitetsbekjempende og -forebyggende, sier PU-sjefen @kkvigne #statsbudsjettet http://t.co/2gqNunMuG4","statsbudsjettet;",";"
484294657711833088,2014-07-02 11:16:58,"Utlendingsenhet","@beskotw Ta kontakt med UDI som har ansvaret for dette","",";"
485021203615477761,2014-07-04 11:24:00,"Utlendingsenhet","RT @politietoslo: Fortsatt nedgang i registrert kriminalitet i Oslo etter første halvår 2014: https://t.co/pAhOAEN4ge","","Oslo;"
519744504954241024,2014-10-08 07:02:01,"Utlendingsenhet","@IluibysCF Send en e-post til oss, så skal vi se hva vi kan hjelpe deg med. E-postadressen finner du på http://t.co/Q7FQv3YGe2","",";"
646595796553596928,2015-09-23 08:03:45,"Utlendingsenhet","Sammen med @Utlendingsdir jobber vi med å opprette et nytt mottakssenter for asylsøkere - TV2.no http://t.co/Quo3dhHkkB","",";"
509270967185453056,2014-09-09 09:23:55,"Utlendingsenhet","Salten politidistrikt holder kurs for asylsøkere om lovbrudd som gir utvisning. http://t.co/e0AzVQ48er","",";"
657099715381743616,2015-10-22 07:42:35,"Utlendingsenhet","Forberedelsene er i gang - om en time starter #fagligforum2015 https://t.co/4g5H7c8G7q","fagligforum2015;",";"
582876433527214080,2015-03-31 12:05:45,"Utlendingsenhet","Utfordringer med tvangsretur: http://t.co/sSJHYXxpv0","",";"
519745798213341184,2014-10-08 07:07:09,"Utlendingsenhet","@mojanorwegia Takk for invitasjonen! Spennende tema. Vi kommer tilbake til dere om vi har anledning til å delta.","",";"
734667408347168768,2016-05-23 08:48:54,"Utlendingsenhet","@xavijabar please contact @Utlendingsdir regarding this matter","",";"
1019514363122724864,2018-07-18 09:29:00,"Utlendingsenhet","Totalt 454 personer ble uttransportert av politiet i juni, hvorav 161 var ilagt en eller flere straffereaksjoner. Juni er den måneden så langt i år hvor PU har uttransportert flest totalt og også flest straffede. https://t.co/h3ep33hol2","",";"
1085170003324952576,2019-01-15 13:41:04,"Utlendingsenhet","Totalt 5077 personer ble uttransportert av politiet i 2018, hvorav 1781 var ilagt én eller flere straffereaksjoner. Av uttransporterte i 2018 var 4054 i kategorien bort- og utviste, 552 avslag asyl og 471 Dublin/trygt tredjeland. https://t.co/deDlBqA0Vv","",";"
935430713775665152,2017-11-28 08:50:36,"Utlendingsenhet","Særorganutvalgets forslag om å legge ned Politiets utlendingsenhet vil fragmentere og svekke politiets arbeid på utlendingsfeltet. - Dette er ikke i tråd med våre ambisjoner om å styrke ID-arbeidet, sier sjef PU til @vgnett i dag. https://t.co/jFA1ZdrP0P","",";"
1007604033803227136,2018-06-15 12:41:36,"Utlendingsenhet","I mai uttransporterte Politiets utlendingsenhet 402 personer uten lovlig opphold i Norge. Av disse var 156 ilagt en eller flere straffereaksjoner: https://t.co/1DPssQlNPn","",";"
890484754595946496,2017-07-27 08:11:24,"Utlendingsenhet","Politiets utlendingsenhet bør styrkes, ikke svekkes. Kronikk ved sjef PU, Morten Hojem Ervik i @dagbladet https://t.co/X4LoVj4cLV","",";"
1151389987679678465,2019-07-17 07:15:39,"Utlendingsenhet","Aksjonen ble gjennomført av @politifinnmark i forrige uke og var et samarbeid mellom politiet, @Skattenmin og @Arbeidstilsynet, med bistand fra Politiets utlendingsenhet. Målet med aksjonen var å avdekke og forebygge arbeidslivskriminalitet:https://t.co/JsAy1EeQzP","",";"
1096344223866064901,2019-02-15 09:43:26,"Utlendingsenhet","@nicomen @Bymiljoetaten @GamleOsloV Hei Nicolas! Ringeklokka til politivakta er like bak der bildet er tatt ved et skilt der det står Police. Hvis du vil ha tak i oss, kan du også ringe oss på 22342400. Ønsker deg en god helg!","",";"
939131491472330752,2017-12-08 13:56:10,"Utlendingsenhet","@Justisdep har vurdert anbefalingene til særorganutvalget, og kommet frem til at det ikke er nødvendig å sette i gang nye omstillingsprosesser i politiet nå. Politiets utlendingsenhet mener dette er en klok og riktig avgjørelse. https://t.co/W0sm7AAIl7","",";"
1044930693636247552,2018-09-26 12:44:25,"Utlendingsenhet","RT @Utlendingsdir: UDI, @une_nemnda og @Utlendingsenhet har sammen laget et elæringskurs for sine ansatte om barnets beste i de ulike fasen…","",";"
1116289699394531331,2019-04-11 10:39:38,"Utlendingsenhet","I mars 2019 uttransporterte politiet 375 personar, der 126 var ilagt ein eller fleire straffereaksjonar. 295 var i kategorien bort- og utviste, 45 avslag asyl og 35 Dublin/trygt tredjeland. Her finn du statistikken:https://t.co/1k3Fpj9A40","",";"
823816188266483712,2017-01-24 08:54:19,"Utlendingsenhet","8078 personer uttransportert i 2016. Det er flere enn noengang før: https://t.co/eE1amSMfub","",";"
1171705756615413760,2019-09-11 08:43:16,"Utlendingsenhet","I august 2019 uttransporterte politiet 338 personar, der 96 av dei var ilagt ein eller fleire straffereaksjonar. 307 var i kategorien bort- og utviste, 18 avslag asyl og 13 Dublin/trygt tredjeland. Her finn du statistikken:https://t.co/GubtU2CALR","",";"
1123913959504011270,2019-05-02 11:35:43,"Utlendingsenhet","Arne Jørgen Olafsen er beskikket midlertidig sjef PU inntil 31. oktober. Morten Hojem Ervik jobber de nærmeste månedene i @Politidir før han kommer tilbake som sjef PU. Les Hojem Ervik sitt innlegg i @Politiforum: https://t.co/t3VK3ywOhk","",";"
1050346452839485440,2018-10-11 11:24:43,"Utlendingsenhet","I september uttransporterte Politiets utlendingsenhet 466 personer uten lovlig opphold i Norge. Av disse var 144 ilagt en eller flere straffereaksjoner: https://t.co/MPM2MOtA6J","",";"
910799378071326720,2017-09-21 09:34:28,"Utlendingsenhet","Sjef PU innleder Faglig forum: PU leverer høye måltall og fått til vanskelige returer av kriminelle. IDarbeidet starter allerede ved grensen https://t.co/ro2GxrqnzB","",";"
1143142781323481089,2019-06-24 13:04:12,"Utlendingsenhet","RT @Utlendingsdir: Norge skal ta imot 3 000 #overføringsflyktninger i år, hvorav 450 er hentet ut av Libya (primært sudanere, eritreere og…","overføringsflyktninger;",";"
1161205647037198337,2019-08-13 09:19:35,"Utlendingsenhet","I juli uttransporterte politiet 319 personar, der 96 av dei var ilagt ein eller fleire straffereaksjonar. 259 var i kategorien bort- og utviste, 30 avslag asyl og 30 Dublin/trygt tredjeland. Her finn du statistikken: https://t.co/GubtU2UbDp","",";"
1133697971139371009,2019-05-29 11:33:54,"Utlendingsenhet","RT @NTBinfo: Computas: Denne appen gir politiet økt sikkerhet ute i felten  https://t.co/Xhg2O7XqIs","",";"
987296225094504448,2018-04-20 11:45:37,"Utlendingsenhet","I mars uttransporterte Politiets utlendingsenhet 375 personer uten lovlig opphold i Norge. Av disse var 136 ilagt straffereaksjon: https://t.co/H8hRJDu8sy","",";"
737188721905307648,2016-05-30 07:47:42,"Utlendingsenhet","VG fikk være med da vi fullregistrerte familien som de følger fra A til Å i asylprosessen https://t.co/pBR7ZcDm22","",";"
793076760497811456,2016-10-31 13:06:49,"Utlendingsenhet","Ingen skal behøve å frykte sine nærmeste. Sjekk faresignaler, lær mer om vold i nære relasjoner og hvordan du kan søke hjelp på hvorlite.no","",";"
829342186617597953,2017-02-08 14:52:40,"Utlendingsenhet","RT @Politidir: Vi har oppsummert nasjonale læringspunkter fra asylhåndteringen høsten 2015. -Vi må lære for å bli bedre. https://t.co/CKDoA…","",";"
940242748023754752,2017-12-11 15:31:54,"Utlendingsenhet","Altfor mange barn tier for lenge om overgrep. Sjef PU Morten Hojem Ervik støtter @Kripos_NCIS sin kampanje om at ikke alle hemmeligheter skal holdes. https://t.co/UBhWAkRJpx https://t.co/elYK3Kj7z5","",";"
1178964600630452224,2019-10-01 09:27:19,"Utlendingsenhet","De 67 personene med ulovlig opphold i Norge som ble pågrepet på Minnesund sist onsdag, er uttransportert i et oppdrag ledet av @politietost med bistand fra PU. https://t.co/r05Ox7aL19","","Minnesund;"
719799851660218368,2016-04-12 08:10:32,"Utlendingsenhet","Flere uttransporterte i mars i år sammenlignet med i fjor. Se vår siste statistikk: https://t.co/oQ7gazmwtQ","",";"
963024746173665280,2018-02-12 12:19:26,"Utlendingsenhet","Totalt 429 personer ble uttransportert av politiet i januar, hvorav 137 var ilagt én eller flere straffereaksjoner. Av de uttransporterte i januar var 313 i kategorien bort- og utviste, 86 avslag asyl og 30 Dublin/trygt tredjeland.  https://t.co/V0iBtAf4TN","",";"
1042415328154853376,2018-09-19 14:09:16,"Utlendingsenhet","Totalt 444 personer ble uttransportert i august, hvorav 154 personer (35 prosent) var ilagt minst én straffereaksjon: https://t.co/jvoLimbz6p","",";"
798477350128287744,2016-11-15 10:46:49,"Utlendingsenhet","731 personer uttransportert i oktober https://t.co/419LxUKU91","",";"
886879498607747072,2017-07-17 09:25:24,"Utlendingsenhet","15 personer returnert i Frontex-charter til Nigeria. Resultat av godt samarbeid med nigerianske myndigheter. https://t.co/gThYSH7CKr","",";"
741240697660014592,2016-06-10 12:08:48,"Utlendingsenhet","Oppdatert statistikk på politi.no: 564 personer uttransportert i mai og 3277 totalt årets første fem måneder https://t.co/GqNBH2MSmr","",";"
855359125747904512,2017-04-21 09:54:42,"Utlendingsenhet","@Politidir med gode poeng ifm. medieoppslag om måltall og metoder på utlendingsfeltet https://t.co/Mb53Ztbc3J","",";"
789034227132162048,2016-10-20 09:23:13,"Utlendingsenhet","Sjef PU innleder #fagligforum : PU vektlegger å ta vare på samfunnssikkerheten, ta del i kriminalitetsbekjempelsen og raskt avklare ID https://t.co/cTkNmsCIyB","fagligforum;",";"
880378840438198272,2017-06-29 10:54:06,"Utlendingsenhet","RT @Politidir: Politiet.no har fått nytt utseende og er nå tilpasset mobiltelefoner.  https://t.co/MNtTVYHcHu","",";"
1063087661571813378,2018-11-15 15:13:44,"Utlendingsenhet","Totalt 437 personer ble uttransportert av politiet i oktober, hvorav 153 var ilagt én eller flere straffereaksjoner. Av de uttransporterte i oktober var 360 i kategorien bort- og utviste, 39 avslag asyl og 38 Dublin/trygt tredjeland. https://t.co/V0JVoTFRJL","",";"
1019134438591082497,2018-07-17 08:19:19,"Utlendingsenhet",".@FylkesmannenOA mener det ikke er grunnlag for tilsyn av helsetilbudet ved utlendingsinternatet. PU er likevel positivt innstilt til fremtidige tilsyn hvis det blir aktuelt. Det var PU selv som ba om vurdering av helsetilbudet etter rapporter fra @SivOmb. https://t.co/2AZ08uSxiN","",";"
889412243145797632,2017-07-24 09:09:37,"Utlendingsenhet","Minst 7 av 10 asylsøkere som har forsvunnet fra kjent adresse forlater landet, og kun 3% blir, anslår ny PU-rapport https://t.co/AGULq6dlp7","",";"
923185526596710406,2017-10-25 13:52:36,"Utlendingsenhet","RT @Utlendingsdir: Det blir et enda tettere asylsamarbeid med @Utlendingsenhet i Ankomstsenter Østfold. @Radekom https://t.co/5Y3h5fvVGP","",";"
1072874647874691073,2018-12-12 15:23:43,"Utlendingsenhet","Totalt 429 personer ble uttransportert av politiet i november, hvorav 133  var ilagt én eller flere straffereaksjoner. Av de uttransporterte i november var 357 i kategorien bort- og utviste, 43 avslag asyl og 29 Dublin/trygt tredjeland. https://t.co/kCgNMX9xTk","",";"
1025015052888408069,2018-08-02 13:46:47,"Utlendingsenhet","PU får jevnlig spørsmål fra media og andre om hvor mange personer som oppholder seg ulovlig i Norge. Vi jobber kontinuerlig for å kunne gi så nøyaktige tall som mulig, men våre tall gir ikke det hele bildet. https://t.co/hhzzMEGarO","",";"
898084485505437696,2017-08-17 07:30:01,"Utlendingsenhet","@a_miina @Rf_psykiskhelse PU er ikke pålagt, men vi registrerer likevel våre kontroller. Det gjør også politidistriktene. Alle 12 PDer utfører utlendingskontroller.","",";"
1105845794278653953,2019-03-13 14:59:17,"Utlendingsenhet","Totalt 306 personer ble uttransportert av politiet i februar, hvorav 120 var ilagt én eller flere straffereaksjoner. Av de uttransporterte var 246 i kategorien bort- og utviste, 39 avslag asyl og 21 Dublin/trygt tredjeland. https://t.co/bUlmsXJDyb","",";"
890529753962356736,2017-07-27 11:10:13,"Utlendingsenhet","@SigmundBook Tallene indikerer at forsvunne asylsøkere begår lite kriminalitet i Norge. Det kan imidlertid skyldes at de ikke oppholder seg her.","",";"
895595305453838337,2017-08-10 10:38:54,"Utlendingsenhet","1229 straffede uttransportert jan - juli i år. Flere enn samme periode i fjor. Ny statistikk over uttransporteringer https://t.co/VfUGylMSBw","",";"
886882668289425408,2017-07-17 09:38:00,"Utlendingsenhet","Aftenposten omtaler i dag langvarig ID-sak. Personen ble returnert med charter til Nigeria 26. juni.  https://t.co/q5Gi17LBat","",";"
958978610412621824,2018-02-01 08:21:32,"Utlendingsenhet","@nordjuss Dette er en offisiell konto, men hvor vi mener det er rom for å dele ytringer i det offentlige rom som har relevans for politiet. Vi tar selvfølgelig en vurdering på hva vi twitrer hver gang.","",";"
1111611397685866496,2019-03-29 12:49:44,"Utlendingsenhet","RT @sprakradet: «Fra korrekt til korrekt og forståelig» er mantraet til @une_nemnda, vinner av Statens klarspråkspris 2018. #klarspråk","klarspråk;",";"
759027148418064384,2016-07-29 14:05:48,"Utlendingsenhet","Forutsetningene for retur ikke tilstede i sak, hvor person med avslag asyl er siktet for forsettlig drap i Tromsø. https://t.co/OlASwYsqpW","","Tromsø;"
930069571733741569,2017-11-13 13:47:20,"Utlendingsenhet","Totalt 416 personer ble returnert av politiet i oktober, hvorav 163 var ilagt én eller flere straffereaksjoner. Til sammen 4579 personer har blitt returnert i 2017 til og med 31. oktober. Ny månedsstatistikk for oktober publisert: https://t.co/O4rpUoovE5","",";"
1145628431679442944,2019-07-01 09:41:17,"Utlendingsenhet","Totalt 71 ansatte slutter i PU etter fase 1 av den styrte nedbemanningsprosessen. https://t.co/dcwfibMqgF","",";"
969141679423934464,2018-03-01 09:25:56,"Utlendingsenhet","1/2 Med henvisning til debatten om kirkeasyl de siste dagene ønsker vi å vise til retningslinjer fra @Justisdep av 04.03.99: Det kan også oppstå tvil om politiet bør hente ut utlendinger som har søkt tilflukt i andre lokaler i tilknytning til kirken, for eksempel menighetshus...","",";"
940510551112855552,2017-12-12 09:16:03,"Utlendingsenhet","Totalt 417 personer ble returnert av politiet i november, hvorav 146 var  ilagt én eller flere straffereaksjoner. Til sammen 5009 personer har blitt returnert i 2017 til og med 30. november. https://t.co/JtRMFdRMdC","",";"
747684107124092929,2016-06-28 06:52:37,"Utlendingsenhet","Vi har sett nærmere på hvordan enslige mindreårige kommer til Norge https://t.co/vsAdqxE4fm","",";"
928987533614243841,2017-11-10 14:07:42,"Utlendingsenhet","– Fra et bastant nei, via et tja, til ja til et bevæpnet politi. Kronikk ved Sjef PU, Morten Hojem Ervik i @vgnett https://t.co/cw17zgZzIM","",";"
1006478248233066496,2018-06-12 10:08:08,"Utlendingsenhet","Det er for enkelt å utnytte svakhetene i systemene og bygge opp en eller flere identiteter. Derfor må vi samle kompetansen på ID-feltet, skriver Sjef PU, @HojemErvik : https://t.co/yrVsoesgcE","",";"
887211688008790016,2017-07-18 07:25:24,"Utlendingsenhet","@deepproduct @Justisdep Uklart for oss hva du mener, men kanskje @Politidir kan svare.","",";"
1074984499354705920,2018-12-18 11:07:31,"Utlendingsenhet","Hvordan kan man integrere et barnefaglig perspektiv og sørge for barns beste under en pågripelse og uttransportering? PU har nylig lansert en barnefaglig veileder for å sikre at vi jobber kunnskapsbasert og helhetlig i dette arbeidet. https://t.co/z1gtk2qUzh","",";"
1153982195654115328,2019-07-24 10:56:10,"Utlendingsenhet","Politiet jobber med å avdekke personer som oppholder seg i Norge med falsk identitet, og som har fått opphold/statsborgerskap/midlertidig oppholdstillatelse ved bruk av falsk identitet: https://t.co/GhrN5We89X","",";"
1063397395579486210,2018-11-16 11:44:30,"Utlendingsenhet","- Det er avgjerande for PU å ha eit godt samarbeid med politidistrikta om tilbakekallssakar, og bidra med vår kompetanse innan ID-avklaring, seier leiar ved felles eining for ID og etterretning @HegeNaustdal. https://t.co/J7mQ3OK7X5","","Naustdal;"
771668375202246660,2016-09-02 11:17:32,"Utlendingsenhet","Statsråd Listhaug åpner ny modul på utlendingsinternatet 6.9. Pressen er invitert: https://t.co/fwE1yxeKdr @Justisdep @StatsbyggMedier","",";"
1181941531181289474,2019-10-09 14:36:35,"Utlendingsenhet","I september 2019 uttransporterte politiet 453 personar. Dette er det høgste talet uttransporterte i ein enkelt månad sidan september i fjor. Totalt 120 av dei uttransporterte personane i september var ilagt ein eller fleire straffereaksjonar. https://t.co/GubtU2CALR","",";"
1020290545602576388,2018-07-20 12:53:16,"Utlendingsenhet","RT @une_nemnda: Fortsatt høy tiltro til utlendingsmyndighetene viser den årlige undersøkelsen fra Opinion: https://t.co/orhlG8iIwu","",";"
941645316083933184,2017-12-15 12:25:12,"Utlendingsenhet","Nylig slo @helse_og_omsorg fast at helsetjenestene ved Politiets utlendingsinternat på Trandum ikke kan legges til kommunehelsetjenesten. På bakgrunn av bekymringer fra @SivOmb ber derfor PU @Helsetilsynet om å vurdere om dagens helsetilbud er godt nok. https://t.co/syI3gyKkSb","",";"
994136905947238405,2018-05-09 08:48:03,"Utlendingsenhet","Totalt 426 personer ble uttransportert av politiet i april, hvorav 156 var ilagt én eller flere straffereaksjoner. Av de uttransporterte i april var 336 i kategorien bort- og utviste, 51 avslag asyl og 39 Dublin/trygt tredjeland. https://t.co/Yq25L7lyx5","",";"
907594313105899522,2017-09-12 13:18:41,"Utlendingsenhet","178 straffede uttransportert i aug. Den høyeste prosentandelen så langt i år. Ny statistikk over uttransporteringer https://t.co/d0PAmtL42Y","",";"
959372616946667520,2018-02-02 10:27:10,"Utlendingsenhet","Sjefen i @Utlendingsenhet @HojemErvik er nå på Twitter. Les hans siste innlegg i @Politiforum og følg ham gjerne. https://t.co/K0xSC4xBfS","",";"
809766228982120448,2016-12-16 14:24:48,"Utlendingsenhet","Morten Hojem Ervik utnevnt som ny sjef PU i dag https://t.co/jcUpFYG1uo","",";"
1140740155067838464,2019-06-17 21:57:01,"Utlendingsenhet","Uttransport er stanset. Det jobbes med å returnere familien tilbake til Norge så snart som mulig. De sendes ikke til Kabul i kveld. https://t.co/pzM7C8D2lz","",";"
969141934148202496,2018-03-01 09:26:57,"Utlendingsenhet","2/2 ...Det kan ikke utelukkes at politiet går inn i slike bygninger. Det presiseres for øvrig at kirkens rom er avgrenset og f.eks. ikke gjelder for leiligheter eller aktivitetsrom utenfor kirken.","",";"
1168473066529271808,2019-09-02 10:37:42,"Utlendingsenhet","Et barnefaglig prosjekt har i perioden 2017 - 2019 arbeidet med å løfte politiets kompetanse overfor barn i asyl- og utlendingssaker. Her finner du svar på 15 spørsmål om politiets barnefaglige arbeid på dette feltet. https://t.co/JygpSm85fg","",";"
864049617243078656,2017-05-15 09:27:36,"Utlendingsenhet","Flere straffede uttransportert i årets fire første måneder sammenlignet med samme i periode i fjor. https://t.co/r7ZBEMDE33","",";"
930365987471454208,2017-11-14 09:25:11,"Utlendingsenhet","NRK-programmet Helene sjekker inn fikk et unikt innblikk i driften ved Politiets utlendingsinternat på Trandum. Helene opplevde sterke menneskeskjebner, og var imponert av arbeidet de ansatte gjør. https://t.co/vO8vCuQ123","",";"
1095282147781419008,2019-02-12 11:23:08,"Utlendingsenhet","Totalt 331 personer ble uttransportert av politiet i januar, hvorav 124 var ilagt én eller flere straffereaksjoner. Av de uttransporterte var 265 i kategorien bort- og utviste, 26 avslag asyl og 40 Dublin/trygt tredjeland. https://t.co/1mRV2lcrkC","",";"
918795985396162560,2017-10-13 11:10:07,"Utlendingsenhet","Totalt 430 personer returnert av politiet i september, hvorav 172 var ilagt straffereaksjon. https://t.co/aJ16kHcVFg","",";"
975684582594043904,2018-03-19 10:45:06,"Utlendingsenhet","Totalt 366 personer ble uttransportert av politiet i februar, hvorav 146 var ilagt én eller flere straffereaksjoner. Av de uttransporterte i februar var 23 mindreårige, 2 av disse var enslige mindreårige: https://t.co/XbY1ozk8m3","",";"
869273581842255872,2017-05-29 19:25:46,"Utlendingsenhet","Politiets arbeid på utlendingsfeltet bør fortsatt forankres i et samlet og kompetent bistandsorgan - Politiforum https://t.co/rSynhTqJan","",";"
1149248317349666816,2019-07-11 09:25:25,"Utlendingsenhet","I juni uttransporterte politiet 349 personar, der 128 av dei var ilagt ein eller fleire straffereaksjonar. I årets seks første månader uttransporterte politiet 2039 personar utan lovleg opphald frå Noreg, der 763 av dei var ilagt straffereaksjon. https://t.co/GubtU2CALR","",";"
1029704098331938817,2018-08-15 12:19:22,"Utlendingsenhet","Totalt 391 personer ble uttransportert av politiet i juli, hvorav 131 var ilagt én eller flere straffereaksjoner. Av de uttransporterte i juli var 315 i kategorien bort- og utviste, 35 avslag asyl og 41 Dublin/trygt tredjeland. https://t.co/g4yayYrRPb","",";"
926107399911600129,2017-11-02 15:23:05,"Utlendingsenhet","@AfghLivesMatter Politiets jobb er å effektuere endelig negative vedtak. PU forholder seg til vurderinger av sikkerhetssituasjonen i AFG som UDI og UNE gjør.","",";"
1126796018069192704,2019-05-10 10:28:00,"Utlendingsenhet","I april 2019 uttransporterte politiet 298 personar, der 126 var ilagt ein eller fleire straffereaksjonar. 250 var i kategorien bort- og utviste, 28 avslag asyl og 20 Dublin/trygt tredjeland. Her finn du statistikken: https://t.co/GubtU2CALR","",";"
773081792941293569,2016-09-06 08:53:57,"Utlendingsenhet","Viktig med andre synspunkt om utlendingsinternatet etter mange oppslag om forhold for barn. @Finansavisen https://t.co/iBkPvSE5ec","",";"
971370139835912194,2018-03-07 13:01:03,"Utlendingsenhet","PU har gjort en bred og konkret vurdering av retningslinjene for kirkeasyl fra @Justisdep mht om hvorvidt en bygning i Fitjar var omfattet av disse. Selve botiden i bygningen er verken avgjørende eller sentral for politiets vurdering av retningslinjene. https://t.co/aM7BEwzTmw","","Fitjar;"
1140930506047008769,2019-06-18 10:33:24,"Utlendingsenhet","Abbasi-saken er blant de krevende sakene som politiet har ansvar for. Så  lenge det foreligger et lovlig vedtak og utsendelse er i tråd med regelverket og avtalen mellom norske og afghanske myndigheter, er det  politiets oppgave å gjennomføre uttransport. https://t.co/QTL0Y9lya1","",";"
894833784813744128,2017-08-08 08:12:54,"Utlendingsenhet","PU merker økt kompetansen på utlendingsfeltet i politiet. Viktig at PU benyttes som kompetanseorgan. https://t.co/xMwwyYmomU","",";"
1006470669297647616,2018-06-12 09:38:01,"Utlendingsenhet","RT @une_nemnda: UNE, @Utlendingsdir og @Utlendingsenhet skal samarbeide med @R_BUP for å bli bedre til å snakke med barn: https://t.co/6hF4…","",";"
795915221428830208,2016-11-08 09:05:50,"Utlendingsenhet","46 returnert til Libanon i årets største charter https://t.co/F4GQapk145","",";"
970949270575689728,2018-03-06 09:08:40,"Utlendingsenhet","Politiets rolle og metodebruk har den siste tiden blitt diskutert etter at fem utlendinger ble pågrepet i en bygning i Fitjar eid av en frimenighet. Sjef PU @HojemErvik understreker i en kronikk på @verdidebatt at politiet respekterer kirkeasylordningen. https://t.co/070rRahWIa","","Fitjar;"
1052211866997612545,2018-10-16 14:57:12,"Utlendingsenhet","RT @Utlendingsdir: UDIs frokostseminar om Overføringsflyktninger - hvem kommer til Norge? @Utlendingsenhet @integreringsdirLandinfo gir ba…","",";"
1001380730868465664,2018-05-29 08:32:25,"Utlendingsenhet","RT @vgnett: Politiet: Det avsløres for lite ID-juks blant asylsøkere i Norge https://t.co/h1bOXgp24C","",";"
958716644204974081,2018-01-31 15:00:34,"Utlendingsenhet","– Vår oppgave er å følge opp justisministerens tydelige føringer, ikke gå henne i rette i begrepsbruken. https://t.co/q8uMYMBcrJ","",";"
1150674399957344256,2019-07-15 07:52:10,"Utlendingsenhet","– Bruk av uriktige og flere identiteter er et kjent hjelpemiddel for å skjule kriminell aktivitet, samt at det utfordrer sikkerheten ved at personer som utgjør en trussel kan forflytte seg ubemerket over landegrenser, opplyser Kristel Høgslett i PU: https://t.co/NobBkPxTvD","",";"
921308053793837056,2017-10-20 09:32:11,"Utlendingsenhet","Sjef PU Morten Hojem Ervik oppfordrer personer med endelig negativt vedtak å søke assistert retur: https://t.co/7m3yDlI6Jg","",";"
1139088866713976832,2019-06-13 08:35:23,"Utlendingsenhet","I mai uttransporterte politiet 364 personar, der 135 av dei var ilagt ein eller fleire straffereaksjonar. 302 var i kategorien bort- og utviste, 19 avslag asyl og 43 Dublin/trygt tredjeland. Her finn du statistikken: https://t.co/GubtU2CALR","",";"
730752988734730241,2016-05-12 13:34:23,"Utlendingsenhet","Ny statistikk viser større prosentvis måltalloppnåelse pr 30.04.16 (29,3%) enn samme tid i fjor (27,8%). https://t.co/2BqIfT6mkO","",";"
775323783108395010,2016-09-12 13:22:49,"Utlendingsenhet","603 personer ble uttransportert i august, hvorav 201 straffede https://t.co/GjktvBHlpn","",";"
851753101048631296,2017-04-11 11:05:38,"Utlendingsenhet","Flere straffede returnert i årets tre første måneder (totalt 513) sammenlignet med samme periode i fjor (totalt 473) https://t.co/Y2iFlzchPx","",";"
785433261648515072,2016-10-10 10:54:16,"Utlendingsenhet","603 personer ble uttransportert i september. 35% av disse var straffede. https://t.co/1KUsqwP0sy","",";"
951770110045323264,2018-01-12 10:57:31,"Utlendingsenhet","Totalt 38,7 % av de 5434 uttransporterte i 2017 var ilagt straffereaksjon. - For Politiets utlendingsenhet (PU) er det viktig å gjøre vårt for å forebygge kriminalitet og opprettholde samfunnssikkerheten, sier sjef PU Morten Hojem Ervik. https://t.co/NjUsfsd4lp","",";"
886880663017852928,2017-07-17 09:30:02,"Utlendingsenhet","2825 personer uttransportert første halvår i år. Fremdeles flere straffede returnert enn på samme tid i fjor. https://t.co/GubtU2CALR","",";"
1204018545144860673,2019-12-09 12:42:45,"Utlendingsenhet","Tidligere sjef PU Kristin Kvigne og direktør i @Utlendingsdir Frode Forfang skrev i 2015 en kronikk om personer omtalt som ureturnerbare. De understreket at det er ytterst få personer som ikke kan returnere til sitt hjemland dersom de selv ønsker det: https://t.co/NXHSs7Ubjy","",";"
1292742120680431616,2020-08-10 08:38:34,"Utlendingsenhet","3224 personer har blitt uttransportert i årets sju første måneder, hvorav 2015 av disse ble returnert i henhold til smitttevernloven. https://t.co/hIvp9ZM9Ac","",";"
1196799958474735619,2019-11-19 14:38:40,"Utlendingsenhet","Sjef PU Arne Jørgen Olafsen omtaler migrasjonssituasjonen og bemanningen i PU:https://t.co/m3aUeAsJsW https://t.co/7sFtQPtU9r","",";"
1204373458899132416,2019-12-10 12:13:03,"Utlendingsenhet","I november uttransporterte politiet 317 personar. Av desse var 267 i kategorien bort- og utviste, 27 avslag asyl og 23 Dublin/trygt tredjeland. 90 av dei 317 uttransporterte var ilagt straffereaksjon:https://t.co/GubtU2CALR","",";"
1242742490010210304,2020-03-25 09:17:53,"Utlendingsenhet","Avdelingsleder Marianne Jakobsen opplyser i denne kronikken at også personer internert ved utlendingsinternatet kan søke om assistert retur. https://t.co/kJ7noZZtQp","",";"
1227521727858696193,2020-02-12 09:16:00,"Utlendingsenhet","PU har ansvar for å gjøre opphold ved Politiets utlendingsinternat så godt som mulig for alle, innenfor rammen en frihetsberøvelse innebærer. Det betyr også at vi tilstreber å redusere psykisk påkjenning under oppholdet, noe vi arbeider aktivt med. https://t.co/oHbfIdkivB","",";"
1271388320526893059,2020-06-12 10:26:11,"Utlendingsenhet","Arne Jørgen Olafsen er i statsråd i dag utnevnt som ny sjef PU. https://t.co/BGnmgS92Cv","",";"
1227958931688972295,2020-02-13 14:13:18,"Utlendingsenhet","I januar uttransporterte politiet 339 personar utan lovleg opphald i Noreg. Av desse var 291 i kategorien bort- og utviste, 24 avslag asyl og 24 Dublin/trygt tredjeland. 94 av dei 339 uttransporterte var ilagt straffereaksjon: https://t.co/GubtU2CALR","",";"
1202958018402553857,2019-12-06 14:28:36,"Utlendingsenhet","RT @nidsenter: Nasjonalt ID-senter flytter til nye lokaler på Tøyen i Oslo f.o.m. mandag 16. desember 2019. https://t.co/OV2FU4QmCY","","Oslo;"
1195275427838861312,2019-11-15 09:40:43,"Utlendingsenhet","I oktober uttransporterte politiet 338 personar. Av desse var 270 i kategorien bort- og utviste, 35 avslag asyl og 33 Dublin/trygt tredjeland. 120 av dei 338 uttransporterte var ilagt straffereaksjon. https://t.co/GubtU2CALR","",";"
1222826839288229889,2020-01-30 10:20:12,"Utlendingsenhet","«Frå PU si side tar vi ikkje lett på avgjerder der vi røvar fridomen frå barn. Det er berre der vi meiner at det ikkje finst noko alternativ at vi grip eller internerer barn», seier assisterande sjef PU Cecilie Lilaas-Skari i @KK_Debatt  https://t.co/ylrnw4hdL0","",";"
1189820395240804352,2019-10-31 08:24:22,"Utlendingsenhet","- Jeg er stolt av at det barnefaglige arbeidet har blitt en standard for PUs virksomhet, både faglig og etisk, sa sjef PU Arne Jørgen Olafsen under åpningen av Felles barnefaglig dag som arrangeres i samarbeid med @Utlendingsdir og @une_nemnda https://t.co/twxwNnDDmx","",";"
1197532104726384643,2019-11-21 15:07:57,"Utlendingsenhet","Politiets utlendingsenhet gjennomførte i dag en aksjon på Hobøl asylmottak for å innhente informasjon med hensikt å avklare identitet til tidligere asylsøkere med ulovlig opphold i Norge. To personer ble pågrepet, en person ønsket å reise hjem frivillig:https://t.co/AlSSdfwNcK","",";"
1234839131622182913,2020-03-03 13:52:45,"Utlendingsenhet","Sjef PU Arne Jørgen Olafsen er intervjuet av @Politiforum om beredskap ved mulig masseankomst av asylsøkere. https://t.co/1Gi2PqDpIJ","",";"
1301160092482625536,2020-09-02 14:08:35,"Utlendingsenhet","Nedbemanningsprosessen i PU er sluttført. Totalt 142 ansatte har sluttet i PU som følge av nedbemanningsprosessen. https://t.co/Hc2JlxPpET","",";"
1272842956475678721,2020-06-16 10:46:23,"Utlendingsenhet","- Den norske innsatsen på returfeltet har ført til at færre grunnløse asylsøkere har ankommet landet og vært et viktig bidrag til å forebygge kriminalitet, skriver tidligere PU-ansatt Andreas Wahl som har skrevet masteroppgave om returarbeid. https://t.co/5CvLXFdCs2","",";"
1271414914423443461,2020-06-12 12:11:52,"Utlendingsenhet","Sju personer løslates fra Politiets utlendingsinternat. https://t.co/gL2PMQlBMF","",";"
1217454820791148544,2020-01-15 14:33:43,"Utlendingsenhet","Legetjenester AS har blitt tildelt kontrakten med å tilby helsetjenester ved Politiets utlendingsinternat på Trandum. https://t.co/ElAuGZPMVn","",";"
1195319193362669568,2019-11-15 12:34:38,"Utlendingsenhet","@SigmundBook For å svare må vi ta en manuell gjennomgang av de 120 straffede, noe vi ikke kan prioritere av kapasitetshensyn. I juli 2017 gjorde vi en slik gjennomgang. Da ble 163 straffede returnert. 21 av disse var straffet for ulovlig opphold/arbeid eller for å ha brutt innreiseforbudet.","",";"
1298582769178685441,2020-08-26 11:27:13,"Utlendingsenhet","RT @NOASorg: Etnisk profilering og kontroll av utlendinger var tema da NOAS besøkte PU i august. Vi fikk se en 17 minutter lang film om uli…","",";"
1185150379060793344,2019-10-18 11:07:24,"Utlendingsenhet","RT @nidsenter: https://t.co/kNGtzROgUu","",";"
1217044162022866944,2020-01-14 11:21:54,"Utlendingsenhet","Politiet uttransporterte 4157 personer uten lovlig opphold fra Norge i 2019. Av disse var 1419 personer ilagt én eller flere straffereaksjoner. https://t.co/Yuo0sriuhU","",";"
1202562875329597440,2019-12-05 12:18:26,"Utlendingsenhet","RT @Utlendingsdir: I Noreg er syrarar, tyrkarar og eritrearar dei største gruppene blant asylsøkjarar. Dei største gruppene i Spania kjem f…","",";"
1240241929054556163,2020-03-18 11:41:33,"Utlendingsenhet","Politiets utlendingsenhet løslater i overkant av ti personer fra Politiets utlendingsinternat på grunn av den pågående situasjonen rundt koronaviruset. https://t.co/Gmoq2WIkwz","",";"
1213012328125472768,2020-01-03 08:20:50,"Utlendingsenhet","Viktigheten av beredskap og samarbeid:https://t.co/pA0jP4PKsu","",";"
1182292670569500672,2019-10-10 13:51:53,"Utlendingsenhet","RT @FrodeForfang: DN har i flere artikler den siste tiden skrevet om kostnader til håndtering av asylankomster, med vekt på ankomstsenteret…","",";"
1258662390243176448,2020-05-08 07:37:53,"Utlendingsenhet","Totalt 792 personer ble uttransportert av politiet i månedene mars og april. De aller fleste ble returnert til Sverige etter å ha blitt ilagt bortvisningsvedtak som følge av bortvisningsforskriften som ble introdusert 16. mars. https://t.co/GubtU2CALR","",";"
1277529874736001024,2020-06-29 09:10:32,"Utlendingsenhet","Sjef PU Arne Jørgen Olafsen er intervjuet av @vgnett om nedbemanning i PU, uttak av overføringsflyktninger, etableringen av Nasjonalt ankomstsenter i Råde og beredskap for høye asylankomster. https://t.co/eRZvP5t5cX","","Råde;"
1280848457180348417,2020-07-08 12:57:23,"Utlendingsenhet","2516 personer ble tvangsreturnert første halvår i år, hvorav 1478 av disse ble returnert som følge av den nye bortvisningsforskriften som trådte i kraft 16. mars. https://t.co/TNut3TbnH2","",";"
1305453503209500672,2020-09-14 10:29:03,"Utlendingsenhet","3858 personer har blitt uttransportert i årets åtte første måneder, hvorav 2554 av disse ble returnert i henhold til smittevernloven. https://t.co/pCWngYtkeo","",";"
1281559521685536774,2020-07-10 12:02:54,"Utlendingsenhet","Ledig stilling ved etterretningsavsnittet i Politiets utlendingsenhet:https://t.co/hwqgMkeEjh","",";"
1272508219513081856,2020-06-15 12:36:16,"Utlendingsenhet","Totalt 945 personar blei i løpet av mars, april og mai returnert som følgje av den nye bortvisingsforskrifta.  https://t.co/jDCfHs1lrL","",";"
